place,title,msg,price,per_meter,year,area,age,lat,lng,income,loc,place,平均值项:lat,平均值项:lng,平均值项:per_meter,,,,,,,
东亚威尼斯公馆,崇明岛高区次新房小区+小区环境好+视野开阔+近万达,高楼层 (共11层) 2室1厅 | 83.77平米 | 南,215,"25,666",,83.77,,31.63551591,121.437624,36630,3,安润路637弄,31.52115793,121.861804,14832.5,,,,,,,
东亚威尼斯公馆,房龄新++户型好++位置安静++绿化高++配套齐全,低楼层 (共11层) 3室2厅 | 143.95平米 | 南 北,230,"15,978",,143.95,,31.63551591,121.437624,36630,3,安润路638弄,31.52115793,121.861804,15418,,,18092.12,4112.36,33927,9668,17704.5
东门新村,此房满五，业主自住，生态崇明岛，诚心出售.,高楼层 (共6层) | 1992年建 | 3室2厅 | 73.64平米 | 南,130,"17,654",1992,73.64,30,31.63651093,121.412708,36630,3,安润路681弄,31.52115793,121.861804,13978,,,,,,,
东门新村,双南户型+采光充足+方便接孩子,中楼层 (共6层) | 1993年建 | 3室1厅 | 79.76平米 | 东,132,"16,550",1993,79.76,29,31.63651093,121.412708,36630,3,安通东路180弄,31.51880293,121.862686,15040,,,,,,,
中南江山美宸,人车分流 2019年商品房小区 电梯 洋房,中楼层 (共8层) | 2019年建 | 3室2厅 | 128.27平米 | 南 北,250,"19,491",2019,128.27,3,31.35751991,121.779646,36630,3,安振路88弄,31.52391881,121.8463066,15485,,,,,,,
中南江山美宸,人车分流 2019年商品房小区 电梯 洋房,低楼层 (共8层) | 2019年建 | 3室2厅 | 89.96平米 | 南,240,"26,679",2019,89.96,3,31.35751991,121.779646,36630,3,八一路22号,31.62327818,121.4018008,19349,,,,,,,
中津桥路10号,店长力荐！小岛精品好房！主城区，可收租金,高楼层 (共6层) 2室1厅 | 56.16平米 | 东,80,"14,246",,56.16,,31.64077196,121.4107928,36630,3,八一路崇安路住宅小区,31.62375969,121.4023768,17756.5,,,,,,,
中津桥路10号,店长力荐！小岛精品好房！主城区，可收租金,高楼层 (共6层) 2室1厅 | 56.16平米 | 东,80,"14,246",,56.16,,31.64077196,121.4107928,36630,3,北门二村,31.63129836,121.4084336,19951.33333,,,,,,,
亚通水岸景苑,亚通水岸景苑 3室2厅 南,低楼层 (共8层) 3室2厅 | 113.06平米 | 南,280,"24,766",,113.06,,31.37733369,121.4409535,36630,3,北门一村,31.63187184,121.4068566,19275.85714,,,,,,,
亚通水岸景苑,位置好++税费少++通透++装修好++近万达,低楼层 (共8层) 2室2厅 | 90.02平米 | 南,208,"23,106",,90.02,,31.37733369,121.4409535,36630,3,陈仓门弄1-14号,31.6273894,121.4021074,18919,,,,,,,
八一路22号,十验+东门，精装修，满五且一，中间楼层，全明户型,中楼层 (共6层) 1室1厅 | 42.38平米 | 南,82,"19,349",,42.38,,31.62327818,121.4018008,36630,3,达安御廷,31.63467429,121.4173572,27604.6,,,,,,,
八一路崇安路住宅小区,江景房!! 朝东朝南双向大阳台看江 & 配套完善,高楼层 (共6层) 2室1厅 | 54.32平米 | 南,89.9,"16,551",,54.32,,31.62375969,121.4023768,36630,3,大华凤凰佳苑,31.39503307,121.6981975,29406,,,,,,,
八一路崇安路住宅小区,经济适用性住房，配套齐全，交通便利,高楼层 (共6层) 2室1厅 | 54.32平米 | 南 北,103,"18,962",,54.32,,31.62375969,121.4023768,36630,3,东门新村,31.63651093,121.412708,17102,,,,,,,
北门一村,北门一村+崇明闹市区+交通便利+双南户型带客厅诚售,高楼层 (共6层) 2室1厅 | 62.88平米 | 南,110,"17,494",,62.88,,31.63187184,121.4068566,36630,3,东亚威尼斯公馆,31.63551591,121.437624,20822,,,,,,,
北门一村,满五+婚房装修+双开间朝南+楼层好+地段佳,中楼层 (共6层) | 1998年建 | 2室1厅 | 77.65平米 | 南 北,152,"19,576",1998,77.65,24,31.63187184,121.4068566,36630,3,富源花苑,31.58338412,121.5253463,10885.75,,,,,,,
北门一村,满五+双开间朝南+好楼层+好地段,中楼层 (共6层) | 1982年建 | 2室1厅 | 49平米 | 北,101,"20,613",1982,49,40,31.63187184,121.4068566,36630,3,甘霖坊,31.64307137,121.4073272,17637,,,,,,,
北门一村,北门一村 1室1厅 南,高楼层 (共6层) 1室1厅 | 40.05平米 | 南,80,"19,976",,40.05,,31.63187184,121.4068566,36630,3,观潮新村,31.83559998,121.3384021,17215.25,,,,,,,
北门一村,中间楼层+精装修+交通便利+配套齐全+满五年,中楼层 (共6层) | 1980年建 | 2室1厅 | 62.88平米 | 南,126,"20,039",1980,62.88,42,31.63187184,121.4068566,36630,3,管弄,0,0,19210,,,,,,,
北门一村,北门一村 2室1厅 南 北,高楼层 (共6层) | 1982年建 | 2室1厅 | 49.65平米 | 南 北,98,"19,739",1982,49.65,40,31.63187184,121.4068566,36630,3,海岛星城,31.63277128,121.4441447,17757.57895,,,,,,,
北门一村,北门一村+崇明闹市区+交通便利+双南户型带客厅诚售,高楼层 (共6层) 2室1厅 | 62.88平米 | 南,110,"17,494",,62.88,,31.63187184,121.4068566,36630,3,海天景苑,31.62930489,121.4475183,18118.79167,,,,,,,
北门二村,老城区中间楼层，户型方正，业主诚意出售，看房方便,中楼层 (共4层) | 1982年建 | 1室1厅 | 29.28平米 | 南,68,"23,225",1982,29.28,40,31.63129836,121.4084336,36630,3,寒山寺路234号,31.62977154,121.4112977,19333,,,,,,,
北门二村,老城区--双南户型-生活方便-业主诚心出售,高楼层 (共5层) | 1980年建 | 2室1厅 | 47.4平米 | 南,95,"20,043",1980,47.4,42,31.63129836,121.4084336,36630,3,花园弄社区,31.14171984,121.41106,15107,,,,,,,
北门二村,生态岛城区地段，配套完善，生活方便，房东诚意出售,高楼层 (共6层) | 1993年建 | 3室1厅 | 83.81平米 | 南,139,"16,586",1993,83.81,29,31.63129836,121.4084336,36630,3,嘉年花苑,31.63613368,121.4079474,25350,,,,,,,
南门港街29号,3房低总价&中间楼层&拎包入住&生态岛城区&医院隔壁,中楼层 (共5层) 3室1厅 | 66.49平米 | 南,116,"17,447",,66.49,,31.62356052,121.4046665,36630,3,江海名都,31.62975394,121.4413654,23921.9,,,,,,,
嘉年花苑,本房已满五年+户型南北通+格局无改动+随时交房,高楼层 (共4层) | 2008年建 | 2室2厅 | 91.52平米 | 南 北,232,"25,350",2008,91.52,14,31.63613368,121.4079474,36630,3,江山新村,31.63091858,121.4121301,19813.85714,,,,,,,
大华凤凰佳苑,中间楼层，看房方便，无抵押无贷款，产权清晰,中楼层 (共5层) | 2006年建 | 1室1厅 | 51.01平米 | 南,150,"29,406",2006,51.01,16,31.39503307,121.6981975,36630,3,酱园弄,31.62996055,121.4073161,19863,,,,,,,
天赐景城(公寓),万达旁+采光好+位置佳+户型方正+楼层好,中楼层 (共5层) | 2007年建 | 2室2厅 | 93.6平米 | 南,235,"25,107",2007,93.6,15,31.63621494,121.41851,36630,3,金日东苑,31.63642092,121.4474752,17655,,,,,,,
天赐景城(公寓),万达旁+采光好+位置佳+小区jin一套房+户型方正,中楼层 (共5层) | 2007年建 | 3室2厅 | 116.19平米 | 南,285,"24,529",2007,116.19,15,31.63621494,121.41851,36630,3,金日西苑,31.63917589,121.4438217,17622.90909,,,,,,,
天赐景城(公寓),万达旁+采光好+位置佳+户型方正+楼层好,中楼层 (共5层) | 2007年建 | 2室2厅 | 93.6平米 | 南,235,"25,107",2007,93.6,15,31.63621494,121.41851,36630,3,金月湾小区,31.63749456,121.3998443,25418.25,,,,,,,
天赐景城(公寓),天赐景城+新上架三居室+满五年v一+随时可以看房可签字,中楼层 (共5层) | 2007年建 | 3室2厅 | 128.57平米 | 南,338,"26,290",2007,128.57,15,31.63621494,121.41851,36630,3,金珠花苑,31.65025358,121.4180199,16663.5,,,,,,,
天赐景城(公寓),天赐景城+近万达广场+满五年+产权清晰到价签字+诚意售,中楼层 (共5层) | 2007年建 | 3室2厅 | 128.5平米 | 南,328,"25,526",2007,128.5,15,31.63621494,121.41851,36630,3,绿地翠府名邸,31.63552159,121.431415,25776,,,,,,,
天赐景城(公寓),万达广场旁精装三房！中间楼层+拎包入住+车位可出售,中楼层 (共5层) | 2007年建 | 3室2厅 | 129平米 | 南,320,"24,807",2007,129,15,31.63621494,121.41851,36630,3,绿地瀛洲名邸,31.6352233,121.432264,25160.92308,,,,,,,
天赐景城(公寓),天赐景城+近万达广场+满五年+产权清晰到价签字+诚意售,中楼层 (共5层) | 2007年建 | 3室2厅 | 128.5平米 | 南,328,"25,526",2007,128.5,15,31.63621494,121.41851,36630,3,绿地瀛洲名苑,31.6352233,121.432264,26778,,,,,,,
天赐景城(公寓),万达广场 领包入住 满五少税 中层采光好,中楼层 (共5层) | 2007年建 | 3室1厅 | 93.6平米 | 南,233,"24,894",2007,93.6,15,31.63621494,121.41851,36630,3,湄洲一村,31.62572284,121.4140843,18490,,,,,,,
安振路88弄,此房满5年，产权清晰，小区中间位置，采光好通风好,高楼层 (共6层) | 2008年建 | 1室1厅 | 60.06平米 | 南,93,"15,485",2008,60.06,14,31.52391881,121.8463066,36630,3,明南佳苑,31.65412384,121.4307272,14591.7,,,,,,,
安润路637弄,新！19期近地铁，房龄新，近商圈，生活便利，南北户型,低楼层 (共11层) 2室1厅 | 96.75平米 | 南,140,"14,471",,96.75,,31.52115793,121.861804,36630,3,明珠花苑(崇明),31.64583421,121.4188981,12722.05556,,,,,,,
安润路637弄,19期新小区+交通便利+户型方正+采光充足+南北通透格局,低楼层 (共11层) 2室2厅 | 96.75平米 | 南 北,147,"15,194",,96.75,,31.52115793,121.861804,36630,3,南门港街29号,31.62356052,121.4046665,17447,,,,,,,
安润路638弄,20期近地铁 电梯房 不遮挡 动迁税少 随时看 房龄新,低楼层 (共11层) 3室2厅 | 116.75平米 | 南 北,180,"15,418",,116.75,,31.52115793,121.861804,36630,3,青柏路801弄,31.63917589,121.4438217,17608,,,,,,,
安润路638弄,20期近地铁 电梯房 不遮挡 动迁税少 随时看 房龄新,低楼层 (共11层) 3室2厅 | 116.75平米 | 南 北,180,"15,418",,116.75,,31.52115793,121.861804,36630,3,天赐景城(公寓),31.63621494,121.41851,25223.25,,,,,,,
安润路681弄,裕鸿佳苑15期次新房+方正户型+位置静采光佳+动迁个税,低楼层 (共6层) | 2017年建 | 3室2厅 | 123.77平米 | 南,173,"13,978",2017,123.77,5,31.52115793,121.861804,36630,3,文宸花苑,31.65160762,121.4153853,16017.77778,,,,,,,
安通东路180弄,17期，近地铁，进商圈，不是顶楼，外立面新，环境好,高楼层 (共6层) 3室2厅 | 116.38平米 | 南,170,"14,608",,116.38,,31.51880293,121.862686,36630,3,西门北村,31.63158583,121.3978217,18836.52632,,,,,,,
安通东路180弄,新出笋盘电梯房总价低业主诚意出售崇明线规划中,低楼层 (共11层) 2室2厅 | 94.32平米 | 南 北,150,"15,904",,94.32,,31.51880293,121.862686,36630,3,西门路248号,31.62952557,121.3997902,18139,,,,,,,
安通东路180弄,17期，近地铁，进商圈，不是顶楼，外立面新，环境好,高楼层 (共6层) 3室2厅 | 116.38平米 | 南,170,"14,608",,116.38,,31.51880293,121.862686,36630,3,西门南村,31.62762776,121.3969587,18541.28571,,,,,,,
富源花苑,富源花苑 3室2厅 南,中楼层 (共6层) | 2004年建 | 3室2厅 | 117.37平米 | 南,135,"11,503",2004,117.37,18,31.58338412,121.5253463,36630,3,小港新村,31.83559998,121.3384021,16129.66667,,,,,,,
富源花苑,税少+楼层佳 +户型正气 +生活便利+刚需房源,高楼层 (共6层) | 2004年建 | 2室2厅 | 108.19平米 | 南,115,"10,630",2004,108.19,18,31.58338412,121.5253463,36630,3,新城明月苑,31.12414808,121.5835255,19991.71429,,,,,,,
富源花苑,健身楼层 户型正气 生活便利 满五税少,高楼层 (共6层) | 2004年建 | 3室2厅 | 130.79平米 | 南,140,"10,705",2004,130.79,18,31.58338412,121.5253463,36630,3,新崇北路397号,31.63097231,121.4043354,18045,,,,,,,
富源花苑,健身楼层 户型正气 生活便利 满五税少,高楼层 (共6层) | 2004年建 | 3室2厅 | 130.79平米 | 南,140,"10,705",2004,130.79,18,31.58338412,121.5253463,36630,3,新崇西路33号,31.6289899,121.400647,17594.66667,,,,,,,
寒山寺路234号,低总价，满五年低税费，屋况良好，可上双东门,高楼层 (共5层) 2室1厅 | 51.21平米 | 南,99,"19,333",,51.21,,31.62977154,121.4112977,36630,3,亚通水岸景苑,31.37733369,121.4409535,23936,,,,,,,
小港新村,上海新选择 选择新上海 小港新村南北两房诚心出售,高楼层 (共6层) | 1994年建 | 2室1厅 | 78平米 | 南,132,"16,924",1994,78,28,31.83559998,121.3384021,36630,3,怡祥居,31.63851369,121.3964921,20149.45455,,,,,,,
小港新村,双南户型+价格优势+地理区域完善,高楼层 (共6层) | 1994年建 | 2室1厅 | 62.98平米 | 南,95,"15,085",1994,62.98,28,31.83559998,121.3384021,36630,3,怡祥居西苑,31.63974225,121.3938233,17785,,,,,,,
小港新村,房子总价低，税费少，采光通风好,中楼层 (共5层) | 1994年建 | 2室2厅 | 71.43平米 | 南 北,117,"16,380",1994,71.43,28,31.83559998,121.3384021,36630,3,瀛通金鳌山公寓,31.63131681,121.43847,26008,,,,,,,
御岛财富,高品质，好楼层，诚意出售，户型正气,中楼层 (共8层) | 2015年建 | 2室1厅 | 97.27平米 | 南 北,330,"33,927",2015,97.27,7,31.39714086,121.704891,36630,3,永凤花园,31.63420052,121.3981942,18596.2,,,,,,,
御岛财富,次新房gao端小区，两梯两户电梯房，近市区,高楼层 (共11层) | 2015年建 | 4室2厅 | 169.88平米 | 南,543,"31,964",2015,169.88,7,31.39714086,121.704891,36630,3,玉环新村,31.83559998,121.3384021,18125,,,,,,,
御岛财富,高品质物业，大三房，采光好无遮挡,低楼层 (共11层) | 2015年建 | 3室2厅 | 115平米 | 南,372.5,"32,392",2015,115,7,31.39714086,121.704891,36630,3,玉麟名邸,31.63957493,121.4109023,27738,,,,,,,
怡祥居,老城区高层，商品房小区，业主诚意出售，看房方便,高楼层 (共6层) | 2002年建 | 2室1厅 | 77.43平米 | 南,150,"19,373",2002,77.43,20,31.63851369,121.3964921,36630,3,御岛财富,31.39714086,121.704891,32761,,,,,,,
怡祥居,商品房小区+带大花园+1复2的复式+业主精装修,低楼层 (共5层) | 2001年建 | 5室3厅 | 239.22平米 | 南,550,"22,992",2001,239.22,21,31.63851369,121.3964921,36630,3,裕鸿佳苑,31.52623459,121.8430737,14356.225,,,,,,,
怡祥居,老城区高层，户型方正，业主诚意出售，看房方便,高楼层 (共5层) | 2002年建 | 3室2厅 | 104.51平米 | 南 北,205,"19,616",2002,104.51,20,31.63851369,121.3964921,36630,3,裕洲路151弄,31.53249779,121.8582112,14970,,,,,,,
怡祥居,【好房推荐】精装修+业主诚意出售+户型方正+看房方便,中楼层 (共5层) | 2002年建 | 2室2厅 | 96.96平米 | 南,215,"22,175",2002,96.96,20,31.63851369,121.3964921,36630,3,中津桥路10号,31.64077196,121.4107928,14246,,,,,,,
怡祥居,老城区中层，户型方正，业主诚意出售，看房方便,中楼层 (共6层) | 2001年建 | 3室2厅 | 122平米 | 南 北,255,"20,902",2001,122,21,31.63851369,121.3964921,36630,3,中南江山美宸,31.35751991,121.779646,23085,,,,,,,
怡祥居,老城区的商品房小区标杆，小区环境优美，中间楼层,中楼层 (共5层) | 2002年建 | 3室2厅 | 132.24平米 | 南,253,"19,132",2002,132.24,20,31.63851369,121.3964921,36630,3,(空白),,,,,,,,,,
怡祥居,怡祥居新上+屋况良好+业主诚心+看房方便,高楼层 (共5层) | 2002年建 | 3室2厅 | 132.24平米 | 南 北,228,"17,242",2002,132.24,20,31.63851369,121.3964921,36630,3,总计,31.43836716,120.8568203,18092.12435,,,,,,,
怡祥居,怡祥居 3室2厅 南 北,中楼层 (共5层) | 2002年建 | 3室2厅 | 129.2平米 | 南 北,270,"20,898",2002,129.2,20,31.63851369,121.3964921,36630,3,,,,,,,,,,,
怡祥居,商品房小区，中间楼层，一梯两户，诚意出售,中楼层 (共5层) | 2002年建 | 3室1厅 | 104.07平米 | 南,215,"20,660",2002,104.07,20,31.63851369,121.3964921,36630,3,,,,,,,,,,,
怡祥居,商品房小区，精装修，南北通，小区花苑位置，诚意卖,高楼层 (共6层) | 2002年建 | 2室1厅 | 90.55平米 | 南,175,"19,327",2002,90.55,20,31.63851369,121.3964921,36630,3,,,,,,,,,,,
怡祥居,商品房小区，精装修，南北通，小区花苑位置，诚意卖,高楼层 (共6层) | 2002年建 | 2室1厅 | 90.55平米 | 南,175,"19,327",2002,90.55,20,31.63851369,121.3964921,36630,3,,,,,,,,,,,
怡祥居西苑,满五税费少，户型方正，业主诚心售卖,高楼层 (共6层) | 2006年建 | 2室2厅 | 97.26平米 | 南,170,"17,479",2006,97.26,16,31.63974225,121.3938233,36630,3,,,,,,,,,,,
怡祥居西苑,好楼层，飞机户型，精装修，业主急卖，价格可谈,中楼层 (共6层) | 2006年建 | 3室2厅 | 117.59平米 | 南,220,"18,710",2006,117.59,16,31.63974225,121.3938233,36630,3,,,,,,,,,,,
怡祥居西苑,配套成熟+满五+精装修+视野开阔+诚意出售+看房方便,高楼层 (共6层) | 2006年建 | 2室2厅 | 90.52平米 | 南,154,"17,013",2006,90.52,16,31.63974225,121.3938233,36630,3,,,,,,,,,,,
怡祥居西苑,好楼层，飞机户型，精装修，业主急卖，价格可谈,中楼层 (共6层) | 2006年建 | 3室2厅 | 117.59平米 | 南,220,"18,710",2006,117.59,16,31.63974225,121.3938233,36630,3,,,,,,,,,,,
怡祥居西苑,配套成熟+满五+精装修+视野开阔+诚意出售+看房方便,高楼层 (共6层) | 2006年建 | 2室2厅 | 90.52平米 | 南,154,"17,013",2006,90.52,16,31.63974225,121.3938233,36630,3,,,,,,,,,,,
文宸花苑,满五年税费少，景观楼层，位置安静视野开阔，停车房便,高楼层 (共6层) | 2007年建 | 3室2厅 | 100.3平米 | 南 北,167,"16,651",2007,100.3,15,31.65160762,121.4153853,36630,3,,,,,,,,,,,
文宸花苑,文宸花苑 2室1厅 南 北,高楼层 (共6层) | 2007年建 | 2室1厅 | 85.16平米 | 南 北,145,"17,027",2007,85.16,15,31.65160762,121.4153853,36630,3,,,,,,,,,,,
文宸花苑,满五年税费少，老年人都能爬动的楼层，位置户型通风好,中楼层 (共5层) | 2007年建 | 3室2厅 | 121.29平米 | 南,183,"15,088",2007,121.29,15,31.65160762,121.4153853,36630,3,,,,,,,,,,,
文宸花苑,2007年小区，中间楼层，精装修关门卖，税费少,中楼层 (共6层) | 2007年建 | 2室1厅 | 86.24平米 | 南,143,"16,582",2007,86.24,15,31.65160762,121.4153853,36630,3,,,,,,,,,,,
文宸花苑,低楼层，纯毛坯，提前一天预约看房便,低楼层 (共6层) | 2007年建 | 2室2厅 | 85.06平米 | 南 北,136,"15,989",2007,85.06,15,31.65160762,121.4153853,36630,3,,,,,,,,,,,
文宸花苑,满5年唯1+小区中间位置+业主置换诚意卖+随时看房,低楼层 (共6层) | 2007年建 | 3室2厅 | 120.02平米 | 南,180,"14,998",2007,120.02,15,31.65160762,121.4153853,36630,3,,,,,,,,,,,
文宸花苑,低楼层，纯毛坯，提前一天预约看房便,低楼层 (共6层) | 2007年建 | 2室2厅 | 85.06平米 | 南 北,136,"15,989",2007,85.06,15,31.65160762,121.4153853,36630,3,,,,,,,,,,,
文宸花苑,户型正气+中间楼层+小区停车方便+业主诚意出售+税费少,中楼层 (共6层) | 2007年建 | 3室1厅 | 100.3平米 | 南,153,"15,255",2007,100.3,15,31.65160762,121.4153853,36630,3,,,,,,,,,,,
文宸花苑,精装修+视野好+万达旁+税费少+好看房+位置好+诚意卖,高楼层 (共6层) | 2007年建 | 3室1厅 | 100.3平米 | 南,156,"15,554",2007,100.3,15,31.65160762,121.4153853,36630,3,,,,,,,,,,,
文宸花苑,房型正气+停车方便+诚意出售+税费少,中楼层 (共6层) | 2007年建 | 3室2厅 | 100.3平米 | 南,155,"15,454",2007,100.3,15,31.65160762,121.4153853,36630,3,,,,,,,,,,,
文宸花苑,万达广场旁+2007年+南北通+上下两层+阁楼露台,高楼层 (共6层) | 2007年建 | 2室2厅 | 85.16平米 | 南,141,"16,558",2007,85.16,15,31.65160762,121.4153853,36630,3,,,,,,,,,,,
文宸花苑,万达旁，中间好楼层，动迁税费少，精装，置换急售,中楼层 (共5层) | 2007年建 | 3室2厅 | 121.29平米 | 南,188,"15,501",2007,121.29,15,31.65160762,121.4153853,36630,3,,,,,,,,,,,
文宸花苑,沃德天！户型方正+大三房+位置好+税费少+位置安静,低楼层 (共6层) | 2007年建 | 3室2厅 | 120.02平米 | 南,190.8,"15,898",2007,120.02,15,31.65160762,121.4153853,36630,3,,,,,,,,,,,
文宸花苑,文宸新上满五年税费少，中间楼层，位置安静,高楼层 (共6层) | 2007年建 | 2室2厅 | 85.16平米 | 南,146,"17,145",2007,85.16,15,31.65160762,121.4153853,36630,3,,,,,,,,,,,
文宸花苑,房型正气+停车方便+诚意出售+税费少,高楼层 (共6层) | 2007年建 | 3室2厅 | 100.3平米 | 南,160,"15,953",2007,100.3,15,31.65160762,121.4153853,36630,3,,,,,,,,,,,
文宸花苑,满五年税费少，精装中阳空调，位置静视野好，停车方便,低楼层 (共6层) | 2007年建 | 3室2厅 | 100.2平米 | 南,152,"15,170",2007,100.2,15,31.65160762,121.4153853,36630,3,,,,,,,,,,,
文宸花苑,动迁税费少，业主急售，随时看房，不靠路，2007年房龄,低楼层 (共6层) | 2007年建 | 1室1厅 | 61.48平米 | 南,103,"16,754",2007,61.48,15,31.65160762,121.4153853,36630,3,,,,,,,,,,,
文宸花苑,动迁税费少，业主急售，随时看房，不靠路，2007年房龄,低楼层 (共6层) | 2007年建 | 1室1厅 | 61.48平米 | 南,103,"16,754",2007,61.48,15,31.65160762,121.4153853,36630,3,,,,,,,,,,,
新城明月苑,崇明新城区+明月苑住宅小区+交通便捷+居住舒适+诚意售,高楼层 (共6层) | 2012年建 | 2室2厅 | 80.82平米 | 南,160,"19,798",2012,80.82,10,31.12414808,121.5835255,36630,3,,,,,,,,,,,
新城明月苑,崇明新城 一手动迁 业主诚意出售,高楼层 (共6层) | 2012年建 | 2室2厅 | 88.6平米 | 南,185,"20,881",2012,88.6,10,31.12414808,121.5835255,36630,3,,,,,,,,,,,
新城明月苑,崇明新城区+明月苑住宅小区+交通便捷+居住舒适+诚意售,高楼层 (共6层) | 2012年建 | 2室2厅 | 80.82平米 | 南,160,"19,798",2012,80.82,10,31.12414808,121.5835255,36630,3,,,,,,,,,,,
新城明月苑,新城明月苑 3室2厅 南,高楼层 (共6层) | 2012年建 | 3室2厅 | 113.05平米 | 南,215,"19,019",2012,113.05,10,31.12414808,121.5835255,36630,3,,,,,,,,,,,
新城明月苑,* 大三房 已经通过核验,低楼层 (共6层) | 2012年建 | 3室2厅 | 126.58平米 | 南,215,"16,986",2012,126.58,10,31.12414808,121.5835255,36630,3,,,,,,,,,,,
新城明月苑,户型正气+采光通风好+小区停车方便+环境优美,低楼层 (共6层) | 2012年建 | 3室2厅 | 126.72平米 | 南,235,"18,545",2012,126.72,10,31.12414808,121.5835255,36630,3,,,,,,,,,,,
新城明月苑,崇明新城 一手动迁 业主诚意出售,高楼层 (共6层) | 2012年建 | 2室2厅 | 88.6平米 | 南,185,"20,881",2012,88.6,10,31.12414808,121.5835255,36630,3,,,,,,,,,,,
新城明月苑,此房满五年，一手动迁，税费少，双南双阳台,高楼层 (共6层) | 2012年建 | 2室1厅 | 88.6平米 | 南,172,"19,414",2012,88.6,10,31.12414808,121.5835255,36630,3,,,,,,,,,,,
新城明月苑,新城明月苑 3室2厅 南,高楼层 (共6层) | 2012年建 | 3室2厅 | 113.05平米 | 南,215,"19,019",2012,113.05,10,31.12414808,121.5835255,36630,3,,,,,,,,,,,
新城明月苑,业主诚意+户型方正+采光好视野好,高楼层 (共6层) | 2012年建 | 2室2厅 | 80.27平米 | 南,168,"20,930",2012,80.27,10,31.12414808,121.5835255,36630,3,,,,,,,,,,,
新城明月苑,2012年次新房小区+婚房装修拎包入住+满5年税费少,低楼层 (共6层) | 2012年建 | 3室2厅 | 122.89平米 | 南 北,257,"20,914",2012,122.89,10,31.12414808,121.5835255,36630,3,,,,,,,,,,,
新城明月苑,新城区，总价低，户型好，居住舒适，交通方便，诚意售,高楼层 (共6层) | 2012年建 | 2室2厅 | 80.16平米 | 南 北,168,"20,959",2012,80.16,10,31.12414808,121.5835255,36630,3,,,,,,,,,,,
新城明月苑,此房满五，户型方正，通风好，位置安静，业主价到签字,低楼层 (共6层) | 2012年建 | 3室2厅 | 125.3平米 | 南,273,"21,788",2012,125.3,10,31.12414808,121.5835255,36630,3,,,,,,,,,,,
新城明月苑,房东诚意出售，户型正气，环境优美，看房方便,高楼层 (共6层) | 2012年建 | 2室1厅 | 86.63平米 | 南,181.5,"20,952",2012,86.63,10,31.12414808,121.5835255,36630,3,,,,,,,,,,,
新崇北路397号,老城区+房龄新+税费少+八一路步行街旁+三开间朝南,高楼层 (共6层) | 1999年建 | 3室1厅 | 90.33平米 | 南,163,"18,045",1999,90.33,23,31.63097231,121.4043354,36630,3,,,,,,,,,,,
新崇西路33号,老城区+配套齐+总价低+看房方便+业主诚心出售,中楼层 (共5层) 2室1厅 | 47.83平米 | 南 北,86,"17,981",,47.83,,31.6289899,121.400647,36630,3,,,,,,,,,,,
新崇西路33号,老城区+配套齐+总价低+看房方便+业主诚心出售,中楼层 (共5层) 2室1厅 | 47.83平米 | 南 北,86,"17,981",,47.83,,31.6289899,121.400647,36630,3,,,,,,,,,,,
新崇西路33号,太不可思议了，崇明新城主城区还有这么便宜的房子！,高楼层 (共5层) 1室1厅 | 41.02平米 | 南 北,69,"16,822",,41.02,,31.6289899,121.400647,36630,3,,,,,,,,,,,
明南佳苑,自住精装+正气三房+采光充足+领包入住,中楼层 (共5层) | 2009年建 | 3室2厅 | 120.94平米 | 南,175,"14,470",2009,120.94,13,31.65412384,121.4307272,36630,3,,,,,,,,,,,
明南佳苑,总价低，单价低，大三房，动迁税少,高楼层 (共5层) | 2007年建 | 3室2厅 | 121.31平米 | 南,179,"14,756",2007,121.31,15,31.65412384,121.4307272,36630,3,,,,,,,,,,,
明南佳苑,中间楼层，双楠边套户型，毛坯好改造,中楼层 (共5层) | 2007年建 | 2室2厅 | 75.03平米 | 南 北,111,"14,795",2007,75.03,15,31.65412384,121.4307272,36630,3,,,,,,,,,,,
明南佳苑,自住精装+正气三房+采光充足+领包入住,中楼层 (共5层) | 2009年建 | 3室2厅 | 120.94平米 | 南,175,"14,470",2009,120.94,13,31.65412384,121.4307272,36630,3,,,,,,,,,,,
明南佳苑,一手动迁+中间楼层+南北通透+户型方正+精装修,中楼层 (共5层) | 2007年建 | 2室2厅 | 99.16平米 | 南 北,147,"14,825",2007,99.16,15,31.65412384,121.4307272,36630,3,,,,,,,,,,,
明南佳苑,小区没有比这个好的三房了，看崇明的房子这套不能错过,中楼层 (共5层) | 2009年建 | 3室2厅 | 104.66平米 | 南 北,153.8,"14,696",2009,104.66,13,31.65412384,121.4307272,36630,3,,,,,,,,,,,
明南佳苑,诚心推荐清水毛坯飞机户型三房 得房率高 环境位置好,中楼层 (共4层) | 2007年建 | 3室2厅 | 112.71平米 | 南 北,155,"13,753",2007,112.71,15,31.65412384,121.4307272,36630,3,,,,,,,,,,,
明南佳苑,中间楼层，双楠边套户型，毛坯好改造,中楼层 (共5层) | 2007年建 | 2室2厅 | 75.03平米 | 南 北,111,"14,795",2007,75.03,15,31.65412384,121.4307272,36630,3,,,,,,,,,,,
明南佳苑,120万以内的09年次新两房，只此一套，欲购从速！！！,中楼层 (共5层) | 2009年建 | 2室2厅 | 80.49平米 | 南,118,"14,661",2009,80.49,13,31.65412384,121.4307272,36630,3,,,,,,,,,,,
明南佳苑,小区没有比这个好的三房了，看崇明的房子这套不能错过,中楼层 (共5层) | 2009年建 | 3室2厅 | 104.66平米 | 南 北,153.8,"14,696",2009,104.66,13,31.65412384,121.4307272,36630,3,,,,,,,,,,,
明珠花苑(崇明),1梯2户 得房率高 业主诚意出售，看房预约，装修精装,高楼层 (共6层) | 2004年建 | 3室2厅 | 120.63平米 | 南,178,"14,756",2004,120.63,18,31.64583421,121.4188981,36630,3,,,,,,,,,,,
明珠花苑(崇明),店长强推+三居室+大户型+楼层好+视野宽阔,高楼层 (共6层) | 2004年建 | 3室2厅 | 130.74平米 | 南 北,180,"13,768",2004,130.74,18,31.64583421,121.4188981,36630,3,,,,,,,,,,,
明珠花苑(崇明),沃德天~~~竟然是拥有“御膳房”的住宅,高楼层 (共6层) | 2004年建 | 4室2厅 | 174.64平米 | 南,195,"11,166",2004,174.64,18,31.64583421,121.4188981,36630,3,,,,,,,,,,,
明珠花苑(崇明),生态崇明 宜居小区 低总价 户型正 复式房 满五税费少,高楼层 (共6层) | 2004年建 | 4室2厅 | 164.07平米 | 南,170,"10,362",2004,164.07,18,31.64583421,121.4188981,36630,3,,,,,,,,,,,
明珠花苑(崇明),明珠新上，业主诚意出售，看房方便，视野巨好！！！,高楼层 (共6层) | 2004年建 | 3室2厅 | 122.91平米 | 南 北,180,"14,645",2004,122.91,18,31.64583421,121.4188981,36630,3,,,,,,,,,,,
明珠花苑(崇明),三个特大露台！！！沃德天，世间少有，你要错过？？？,高楼层 (共6层) | 2004年建 | 3室3厅 | 162.16平米 | 南,180,"11,101",2004,162.16,18,31.64583421,121.4188981,36630,3,,,,,,,,,,,
明珠花苑(崇明),明珠精装大复式，业主自住，诚意出售,高楼层 (共6层) | 2004年建 | 4室2厅 | 195.75平米 | 南,220,"11,239",2004,195.75,18,31.64583421,121.4188981,36630,3,,,,,,,,,,,
明珠花苑(崇明),明珠顶复的顶配户型终于来了~会成为您的心动好房吗？,高楼层 (共6层) | 2004年建 | 4室2厅 | 197.88平米 | 南,200,"10,108",2004,197.88,18,31.64583421,121.4188981,36630,3,,,,,,,,,,,
明珠花苑(崇明),商品精装电梯+满五税费低+两房两卫+产权清晰,低楼层 (共9层) | 2004年建 | 2室2厅 | 119.1平米 | 南,175,"14,694",2004,119.1,18,31.64583421,121.4188981,36630,3,,,,,,,,,,,
明珠花苑(崇明),维护人强烈推荐+户型方正+看房提前约+清水毛坯,低楼层 (共6层) | 2004年建 | 2室2厅 | 89.21平米 | 南 北,133,"14,909",2004,89.21,18,31.64583421,121.4188981,36630,3,,,,,,,,,,,
明珠花苑(崇明),上海置业新选择 明珠花苑中间楼层南北大三房诚心出售,低楼层 (共11层) | 2004年建 | 3室2厅 | 153.3平米 | 南,220,"14,351",2004,153.3,18,31.64583421,121.4188981,36630,3,,,,,,,,,,,
明珠花苑(崇明),明珠花苑电梯进小区+价格低+5楼复式6楼+满五无个税,高楼层 (共5层) | 2004年建 | 4室2厅 | 145.27平米 | 南,200,"13,768",2004,145.27,18,31.64583421,121.4188981,36630,3,,,,,,,,,,,
明珠花苑(崇明),一手动迁+户型方正+诚意出售+看房方便+总价低+税费低,中楼层 (共6层) | 2004年建 | 2室2厅 | 100.46平米 | 南 北,151.5,"15,081",2004,100.46,18,31.64583421,121.4188981,36630,3,,,,,,,,,,,
明珠花苑(崇明),生态崇明 宜居小区 低总价 户型正 复式房 满五税费少,高楼层 (共6层) | 2004年建 | 4室2厅 | 164.07平米 | 南,170,"10,362",2004,164.07,18,31.64583421,121.4188981,36630,3,,,,,,,,,,,
明珠花苑(崇明),明珠顶复的顶配户型终于来了~会成为您的心动好房吗？,高楼层 (共6层) | 2004年建 | 4室2厅 | 197.88平米 | 南,200,"10,108",2004,197.88,18,31.64583421,121.4188981,36630,3,,,,,,,,,,,
明珠花苑(崇明),楼层方便+生活便利+万达商圈+配套齐全+绿树成荫,低楼层 (共6层) | 2004年建 | 2室1厅 | 102.03平米 | 南,153,"14,996",2004,102.03,18,31.64583421,121.4188981,36630,3,,,,,,,,,,,
明珠花苑(崇明),世界生态岛，买菜方便，电梯房中间楼层，大平层就是大,中楼层 (共9层) | 2004年建 | 3室2厅 | 152.57平米 | 南,228,"14,944",2004,152.57,18,31.64583421,121.4188981,36630,3,,,,,,,,,,,
明珠花苑(崇明),顶楼复式+三个大露台+满五税费低+产权清晰+看房方便,高楼层 (共6层) | 2004年建 | 3室2厅 | 166.69平米 | 南,177,"10,619",2004,166.69,18,31.64583421,121.4188981,36630,3,,,,,,,,,,,
明珠花苑(崇明),三个特大露台！！！沃德天，世间少有，你要错过？？？,高楼层 (共6层) | 2004年建 | 3室3厅 | 162.16平米 | 南,180,"11,101",2004,162.16,18,31.64583421,121.4188981,36630,3,,,,,,,,,,,
明珠花苑(崇明),沃德天~~~竟然是拥有“御膳房”的住宅,高楼层 (共6层) | 2004年建 | 4室2厅 | 174.64平米 | 南,195,"11,166",2004,174.64,18,31.64583421,121.4188981,36630,3,,,,,,,,,,,
明珠花苑(崇明),明珠精装大复式，业主自住，诚意出售,高楼层 (共6层) | 2004年建 | 4室2厅 | 195.75平米 | 南,220,"11,239",2004,195.75,18,31.64583421,121.4188981,36630,3,,,,,,,,,,,
明珠花苑(崇明),商品精装电梯+满五税费低+两房两卫+产权清晰,低楼层 (共9层) | 2004年建 | 2室2厅 | 119.1平米 | 南,175,"14,694",2004,119.1,18,31.64583421,121.4188981,36630,3,,,,,,,,,,,
明珠花苑(崇明),繁华南门 上海新选择 新上海选择 明珠花苑大复式,高楼层 (共6层) | 2004年建 | 3室2厅 | 166.52平米 | 南,189,"11,350",2004,166.52,18,31.64583421,121.4188981,36630,3,,,,,,,,,,,
明珠花苑(崇明),哎哎哎！别划走??Word天、崇明新城单价1个W,高楼层 (共6层) | 2004年建 | 4室2厅 | 191.36平米 | 南 北,185,"9,668",2004,191.36,18,31.64583421,121.4188981,36630,3,,,,,,,,,,,
明珠花苑(崇明),顶楼复式+三个大露台+满五税费低+产权清晰+看房方便,高楼层 (共6层) | 2004年建 | 3室2厅 | 166.69平米 | 南,177,"10,619",2004,166.69,18,31.64583421,121.4188981,36630,3,,,,,,,,,,,
明珠花苑(崇明),5.8米挑空客厅+复式4房3厅2卫+2005年商品房+看房方便,高楼层 (共6层) | 2004年建 | 4室3厅 | 197.56平米 | 南,256,"12,959",2004,197.56,18,31.64583421,121.4188981,36630,3,,,,,,,,,,,
明珠花苑(崇明),精装修拎包入住，不靠路停车方便，南北通,低楼层 (共6层) | 2004年建 | 3室2厅 | 119.33平米 | 南,188,"15,755",2004,119.33,18,31.64583421,121.4188981,36630,3,,,,,,,,,,,
明珠花苑(崇明),哎哎哎！别划走??Word天、崇明新城单价1个W,高楼层 (共6层) | 2004年建 | 4室2厅 | 191.36平米 | 南 北,185,"9,668",2004,191.36,18,31.64583421,121.4188981,36630,3,,,,,,,,,,,
明珠花苑(崇明),即将美丽家园改造~随时看房，就这么诚心,高楼层 (共6层) | 2004年建 | 2室2厅 | 99.2平米 | 南,148,"14,920",2004,99.2,18,31.64583421,121.4188981,36630,3,,,,,,,,,,,
明珠花苑(崇明),世界生态岛，买菜方便，电梯房中间楼层，大平层就是大,中楼层 (共9层) | 2004年建 | 3室2厅 | 152.57平米 | 南,228,"14,944",2004,152.57,18,31.64583421,121.4188981,36630,3,,,,,,,,,,,
明珠花苑(崇明),万达广场，复式南北通，税费少精装修，带阳台和露台,高楼层 (共6层) | 2004年建 | 4室2厅 | 154平米 | 南 北,186,"12,078",2004,154,18,31.64583421,121.4188981,36630,3,,,,,,,,,,,
明珠花苑(崇明),低单价&低总价！！生态岛城区 & 装修保养佳 & 低税费,高楼层 (共6层) | 2004年建 | 4室2厅 | 143.02平米 | 南,169,"11,817",2004,143.02,18,31.64583421,121.4188981,36630,3,,,,,,,,,,,
明珠花苑(崇明),挑空客厅 浪漫复式房 带仨露台，小区已开始装电梯,高楼层 (共6层) | 2004年建 | 4室3厅 | 198.5平米 | 东南,225,"11,336",2004,198.5,18,31.64583421,121.4188981,36630,3,,,,,,,,,,,
明珠花苑(崇明),维护人强烈推荐+户型方正+看房提前约+清水毛坯,低楼层 (共6层) | 2004年建 | 2室2厅 | 89.21平米 | 南 北,133,"14,909",2004,89.21,18,31.64583421,121.4188981,36630,3,,,,,,,,,,,
明珠花苑(崇明),明珠花苑电梯进小区+价格低+5楼复式6楼+满五无个税,高楼层 (共5层) | 2004年建 | 4室2厅 | 145.27平米 | 南,200,"13,768",2004,145.27,18,31.64583421,121.4188981,36630,3,,,,,,,,,,,
明珠花苑(崇明),满五年税费少，业主诚心出售，中间楼层，采光无遮挡,中楼层 (共5层) | 2004年建 | 3室2厅 | 137.1平米 | 南,206,"15,026",2004,137.1,18,31.64583421,121.4188981,36630,3,,,,,,,,,,,
永凤花园,满五，税少，中间楼层，大三房，置业优选,中楼层 (共6层) | 1998年建 | 3室2厅 | 88.67平米 | 北 南,174.2,"19,646",1998,88.67,24,31.63420052,121.3981942,36630,3,,,,,,,,,,,
永凤花园,F面积比较多！商品房！钥匙房！诚意出售！,高楼层 (共7层) | 2000年建 | 4室2厅 | 161.1平米 | 南,198,"12,291",2000,161.1,22,31.63420052,121.3981942,36630,3,,,,,,,,,,,
永凤花园,【好房推荐】+房型正气+业主诚意出售+看房方便,中楼层 (共6层) | 1997年建 | 4室2厅 | 137.57平米 | 南,276,"20,063",1997,137.57,25,31.63420052,121.3981942,36630,3,,,,,,,,,,,
永凤花园,商品房小区+房子满五年+经典小两房+户型方正,中楼层 (共6层) | 1998年建 | 3室2厅 | 91.02平米 | 南,185,"20,326",1998,91.02,24,31.63420052,121.3981942,36630,3,,,,,,,,,,,
永凤花园,永凤花园 3室2厅 南,高楼层 (共6层) | 1998年建 | 3室2厅 | 91.02平米 | 南,188,"20,655",1998,91.02,24,31.63420052,121.3981942,36630,3,,,,,,,,,,,
江山新村,双南户型，此房满五税少，户型正气，通风和采光好,高楼层 (共4层) | 2007年建 | 3室1厅 | 82.61平米 | 南,155,"18,763",2007,82.61,15,31.63091858,121.4121301,36630,3,,,,,,,,,,,
江山新村,核价通过+自住装修+近南门汽车站+满五格局通透,中楼层 (共4层) 3室1厅 | 82.61平米 | 南,165,"19,974",,82.61,,31.63091858,121.4121301,36630,3,,,,,,,,,,,
江山新村,此房满五税少，户型正气，通风和采光好，业主诚意出售,中楼层 (共6层) | 1996年建 | 3室2厅 | 91.84平米 | 南,179,"19,491",1996,91.84,26,31.63091858,121.4121301,36630,3,,,,,,,,,,,
江山新村,世界生态岛，买菜方便，双东门，双东门，万达800米,低楼层 (共5层) | 1996年建 | 2室1厅 | 67.3平米 | 南,135,"20,060",1996,67.3,26,31.63091858,121.4121301,36630,3,,,,,,,,,,,
江山新村,楼层位置佳，通风效果好，诚心出售，出入便利,中楼层 (共5层) | 1995年建 | 3室2厅 | 81.63平米 | 南,166,"20,336",1995,81.63,27,31.63091858,121.4121301,36630,3,,,,,,,,,,,
江山新村,生态岛+满五格局通透+户型方正+中间楼层,高楼层 (共5层) | 2000年建 | 3室1厅 | 95.53平米 | 南,192,"20,099",2000,95.53,22,31.63091858,121.4121301,36630,3,,,,,,,,,,,
江山新村,核价通过+自住装修+近南门汽车站+满五格局通透,中楼层 (共4层) 3室1厅 | 82.61平米 | 南,165,"19,974",,82.61,,31.63091858,121.4121301,36630,3,,,,,,,,,,,
江海名都,江海名都+品质社区+洋房小高层+楼层好总价低+自住诚售,中楼层 (共11层) | 2012年建 | 2室1厅 | 90.76平米 | 南,233,"25,673",2012,90.76,10,31.62975394,121.4413654,36630,3,,,,,,,,,,,
江海名都,户型正气+小区环境好+采光通风好+单价低+业主诚意出售,低楼层 (共11层) | 2012年建 | 3室2厅 | 143平米 | 南,285,"19,931",2012,143,10,31.62975394,121.4413654,36630,3,,,,,,,,,,,
江海名都,崇明新城 电梯两房 满五+1 装修保养好 拎包入住,低楼层 (共11层) | 2012年建 | 2室2厅 | 90.78平米 | 南 北,209,"23,023",2012,90.78,10,31.62975394,121.4413654,36630,3,,,,,,,,,,,
江海名都,江海名都高区毛坯房+空关随时看+业主诚意售+产权清晰,中楼层 (共11层) | 2012年建 | 2室1厅 | 90.78平米 | 南,210,"23,133",2012,90.78,10,31.62975394,121.4413654,36630,3,,,,,,,,,,,
江海名都,业主诚意出售，楼层好，位置好！！！,中楼层 (共11层) | 2012年建 | 2室1厅 | 78.5平米 | 南,195,"24,841",2012,78.5,10,31.62975394,121.4413654,36630,3,,,,,,,,,,,
江海名都,户型方正+电梯高区+采光视野好,中楼层 (共11层) | 2012年建 | 2室2厅 | 90.76平米 | 南,233,"25,673",2012,90.76,10,31.62975394,121.4413654,36630,3,,,,,,,,,,,
江海名都,江海名都+满五年V一+位置好楼层好+小高层+自住诚售,中楼层 (共11层) | 2012年建 | 2室1厅 | 90.76平米 | 南,215,"23,689",2012,90.76,10,31.62975394,121.4413654,36630,3,,,,,,,,,,,
江海名都,崇明新城高品质小区，低总价一房好入手,低楼层 (共11层) | 2012年建 | 1室1厅 | 78.28平米 | 南,180,"22,995",2012,78.28,10,31.62975394,121.4413654,36630,3,,,,,,,,,,,
江海名都,中间楼层，满五年产权清晰，诚心出售随时可看哦,中楼层 (共6层) | 2012年建 | 2室2厅 | 88.47平米 | 南,240,"27,128",2012,88.47,10,31.62975394,121.4413654,36630,3,,,,,,,,,,,
江海名都,江海名都高区毛坯房+空关随时看+业主诚意售+产权清晰,中楼层 (共11层) | 2012年建 | 2室1厅 | 90.78平米 | 南,210,"23,133",2012,90.78,10,31.62975394,121.4413654,36630,3,,,,,,,,,,,
海天景苑,小区环境好+车位充足+万达辐射+交通方便,低楼层 (共8层) 2室1厅 | 103.28平米 | 南,168,"16,267",,103.28,,31.62930489,121.4475183,36630,3,,,,,,,,,,,
海天景苑,一手动迁，电梯房。。。。。。。,中楼层 (共8层) 2室2厅 | 93.54平米 | 南 北,170,"18,175",,93.54,,31.62930489,121.4475183,36630,3,,,,,,,,,,,
海天景苑,动迁房，税费少，电梯中区，价格便宜,中楼层 (共8层) 2室2厅 | 103.38平米 | 南,185,"17,896",,103.38,,31.62930489,121.4475183,36630,3,,,,,,,,,,,
海天景苑,17年次新房，电梯房，不靠路，位置好,低楼层 (共8层) | 2017年建 | 2室2厅 | 103.38平米 | 南,175,"16,928",2017,103.38,5,31.62930489,121.4475183,36630,3,,,,,,,,,,,
海天景苑,一手动迁，没有增值税，楼层好，位置佳，业主诚心出售,中楼层 (共8层) 2室1厅 | 104.44平米 | 南,190,"18,193",,104.44,,31.62930489,121.4475183,36630,3,,,,,,,,,,,
海天景苑,动迁房，税费少，业主诚意出售，看房方便！！!,低楼层 (共8层) 2室1厅 | 104.44平米 | 南,165,"15,799",,104.44,,31.62930489,121.4475183,36630,3,,,,,,,,,,,
海天景苑,一手动迁，电梯房户型好，生态崇明岛，诚心出售.,低楼层 (共8层) 2室2厅 | 93.54平米 | 南,180,"19,244",,93.54,,31.62930489,121.4475183,36630,3,,,,,,,,,,,
海天景苑,次新电梯房+税费少+单价总价低+业主诚意卖,高楼层 (共8层) 2室2厅 | 104.44平米 | 南,195,"18,672",,104.44,,31.62930489,121.4475183,36630,3,,,,,,,,,,,
海天景苑,一手动迁，电梯房户型好，生态崇明岛，诚心出售.,低楼层 (共8层) 2室1厅 | 93.34平米 | 南,180,"19,285",,93.34,,31.62930489,121.4475183,36630,3,,,,,,,,,,,
海天景苑,海天景苑大两房，房东诚心出售，带电梯，小区环境优美,中楼层 (共8层) | 2017年建 | 2室2厅 | 93.54平米 | 南,175,"18,709",2017,93.54,5,31.62930489,121.4475183,36630,3,,,,,,,,,,,
海天景苑,一手动迁，电梯房户型好，生态崇明岛，诚心出售.,低楼层 (共8层) 2室2厅 | 104.44平米 | 南,185,"17,714",,104.44,,31.62930489,121.4475183,36630,3,,,,,,,,,,,
海天景苑,一手动迁，没有增值税，楼层好，位置佳，业主诚心出售,中楼层 (共8层) | 2017年建 | 2室2厅 | 104.44平米 | 南 北,185,"17,714",2017,104.44,5,31.62930489,121.4475183,36630,3,,,,,,,,,,,
海天景苑,新城区低楼层，户型方正，业主诚意出售，看房方便,低楼层 (共8层) | 2017年建 | 2室1厅 | 103.37平米 | 南,167,"16,156",2017,103.37,5,31.62930489,121.4475183,36630,3,,,,,,,,,,,
海天景苑,一手动迁税费少，楼层好次新房，业主诚意出售,中楼层 (共8层) 2室2厅 | 104.44平米 | 南,180,"17,235",,104.44,,31.62930489,121.4475183,36630,3,,,,,,,,,,,
海天景苑,海天景苑 1室1厅 南,低楼层 (共8层) 1室1厅 | 79.2平米 | 南,157,"19,824",,79.2,,31.62930489,121.4475183,36630,3,,,,,,,,,,,
海天景苑,电梯洋房+税费少+南北通透+单价总价低+诚心出售,低楼层 (共8层) 1室2厅 | 79.13平米 | 南 北,132,"16,682",,79.13,,31.62930489,121.4475183,36630,3,,,,,,,,,,,
海天景苑,海天 电梯房 楼层好 业主诚意出售,中楼层 (共8层) | 2017年建 | 3室2厅 | 121.69平米 | 南 北,255,"20,955",2017,121.69,5,31.62930489,121.4475183,36630,3,,,,,,,,,,,
海天景苑,崇明新城区+海天景苑+电梯洋房+楼间距大采光足+小区美,中楼层 (共8层) 2室2厅 | 104.44平米 | 南,185,"17,714",,104.44,,31.62930489,121.4475183,36630,3,,,,,,,,,,,
海天景苑,一手动迁，没有增值税，楼层好，位置佳，业主诚心出售,中楼层 (共8层) | 2017年建 | 2室2厅 | 104.44平米 | 南 北,185,"17,714",2017,104.44,5,31.62930489,121.4475183,36630,3,,,,,,,,,,,
海天景苑,海天 电梯房 楼层好 业主诚意出售,中楼层 (共8层) | 2017年建 | 3室2厅 | 121.69平米 | 南 北,255,"20,955",2017,121.69,5,31.62930489,121.4475183,36630,3,,,,,,,,,,,
海天景苑,电梯房中间楼层，采光好，大2房，税费少,中楼层 (共8层) | 2017年建 | 2室1厅 | 93.54平米 | 南 北,173,"18,495",2017,93.54,5,31.62930489,121.4475183,36630,3,,,,,,,,,,,
海天景苑,一手动迁，电梯房。。。。。。。,中楼层 (共8层) 2室2厅 | 93.54平米 | 南 北,170,"18,175",,93.54,,31.62930489,121.4475183,36630,3,,,,,,,,,,,
海天景苑,电梯房 中间楼层 业主诚意出售，看房方便,中楼层 (共8层) 2室2厅 | 93.54平米 | 南,170,"18,175",,93.54,,31.62930489,121.4475183,36630,3,,,,,,,,,,,
海天景苑,电梯房 中间楼层 业主诚意出售，看房方便,中楼层 (共8层) 2室2厅 | 93.54平米 | 南,170,"18,175",,93.54,,31.62930489,121.4475183,36630,3,,,,,,,,,,,
海岛星城,2室2厅 实用型住房 新城位置佳。业主诚意,低楼层 (共6层) | 2008年建 | 2室2厅 | 83.83平米 | 南,158,"18,848",2008,83.83,14,31.63277128,121.4441447,36630,3,,,,,,,,,,,
海岛星城,新城位置，老成价格。业主诚心买。,高楼层 (共6层) | 2008年建 | 5室2厅 | 152.91平米 | 北 南,298,"19,489",2008,152.91,14,31.63277128,121.4441447,36630,3,,,,,,,,,,,
海岛星城,在上海买房新选择 崇明养生岛精装修复式诚心出售,高楼层 (共6层) | 2008年建 | 3室2厅 | 117.54平米 | 南 北,195,"16,591",2008,117.54,14,31.63277128,121.4441447,36630,3,,,,,,,,,,,
海岛星城,上海崇明明星楼盘，总价低，小区配套设施齐全！,高楼层 (共6层) | 2008年建 | 3室2厅 | 118.23平米 | 南,199.5,"16,874",2008,118.23,14,31.63277128,121.4441447,36630,3,,,,,,,,,,,
海岛星城,上海崇明区明星楼盘海岛星城经典两房业主诚心出售,低楼层 (共6层) | 2008年建 | 2室1厅 | 80.84平米 | 南 北,149,"18,432",2008,80.84,14,31.63277128,121.4441447,36630,3,,,,,,,,,,,
海岛星城,海岛星城，新城板块，老少皆宜的楼层，环境宜居,中楼层 (共6层) | 2008年建 | 2室2厅 | 83.4平米 | 南,165,"19,785",2008,83.4,14,31.63277128,121.4441447,36630,3,,,,,,,,,,,
海岛星城,上海崇明区明星楼盘海岛星城经典两房业主诚心出售,低楼层 (共6层) | 2008年建 | 2室1厅 | 80.84平米 | 南 北,149,"18,432",2008,80.84,14,31.63277128,121.4441447,36630,3,,,,,,,,,,,
海岛星城,海岛星城税费低的3室2厅+产权清晰+随时可签,高楼层 (共6层) | 2008年建 | 3室2厅 | 115.21平米 | 南,195,"16,926",2008,115.21,14,31.63277128,121.4441447,36630,3,,,,,,,,,,,
海岛星城,海岛星城新上好房，新城板块，交通便利，配套齐全,高楼层 (共6层) | 2008年建 | 3室2厅 | 106.13平米 | 南,195,"18,374",2008,106.13,14,31.63277128,121.4441447,36630,3,,,,,,,,,,,
海岛星城,上海崇明生态岛 海岛星城经典两房诚心出售,高楼层 (共6层) | 2008年建 | 2室1厅 | 81.52平米 | 南,150,"18,401",2008,81.52,14,31.63277128,121.4441447,36630,3,,,,,,,,,,,
海岛星城,2室2厅 实用型住房 新城位置佳。业主诚意,低楼层 (共6层) | 2008年建 | 2室2厅 | 83.83平米 | 南,158,"18,848",2008,83.83,14,31.63277128,121.4441447,36630,3,,,,,,,,,,,
海岛星城,南北通透满五w1海岛新上好房房东诚售,高楼层 (共6层) | 2008年建 | 2室1厅 | 81.75平米 | 南 北,154,"18,838",2008,81.75,14,31.63277128,121.4441447,36630,3,,,,,,,,,,,
海岛星城,万达广场旁+2008年+底楼无遮挡+纯毛坯,低楼层 (共6层) | 2008年建 | 3室2厅 | 106.81平米 | 南,189,"17,695",2008,106.81,14,31.63277128,121.4441447,36630,3,,,,,,,,,,,
海岛星城,河景房+交通便利+视野开阔+看房方便+交通便利,高楼层 (共6层) | 2008年建 | 2室1厅 | 79.72平米 | 南,142,"17,813",2008,79.72,14,31.63277128,121.4441447,36630,3,,,,,,,,,,,
海岛星城,崇明新城版块，精装修三房顶复，业主出售诚意很高。,高楼层 (共6层) | 2008年建 | 3室2厅 | 132.09平米 | 南,188,"14,233",2008,132.09,14,31.63277128,121.4441447,36630,3,,,,,,,,,,,
海岛星城,海岛星城 2室2厅 南,低楼层 (共6层) | 2008年建 | 2室2厅 | 80.65平米 | 南,145,"17,979",2008,80.65,14,31.63277128,121.4441447,36630,3,,,,,,,,,,,
海岛星城,海岛星城 2室2厅 南,低楼层 (共6层) | 2008年建 | 2室2厅 | 80.65平米 | 南,145,"17,979",2008,80.65,14,31.63277128,121.4441447,36630,3,,,,,,,,,,,
海岛星城,没有人会拒绝的好房！冰墩墩推荐情人节礼物，爱就买它,高楼层 (共6层) | 2008年建 | 2室1厅 | 79.44平米 | 南 北,140,"17,624",2008,79.44,14,31.63277128,121.4441447,36630,3,,,,,,,,,,,
海岛星城,崇明新城版块，精装修三房顶复，业主出售诚意很高。,高楼层 (共6层) | 2008年建 | 3室2厅 | 132.09平米 | 南,188,"14,233",2008,132.09,14,31.63277128,121.4441447,36630,3,,,,,,,,,,,
湄洲一村,繁华南门未来可期湄洲新村中间楼层三居室业主诚心出售,高楼层 (共6层) | 1997年建 | 3室2厅 | 113平米 | 南 北,190,"16,815",1997,113,25,31.62572284,121.4140843,36630,3,,,,,,,,,,,
湄洲一村,房子朝南的户型，采光充足，看房方便，业主诚心出售。,高楼层 (共6层) | 1994年建 | 3室1厅 | 86.51平米 | 南,162,"18,727",1994,86.51,28,31.62572284,121.4140843,36630,3,,,,,,,,,,,
湄洲一村,店长推荐，崇明生态岛屿，南门码头，视野开阔。,中楼层 (共6层) | 1994年建 | 2室1厅 | 77.28平米 | 南,154,"19,928",1994,77.28,28,31.62572284,121.4140843,36630,3,,,,,,,,,,,
瀛通金鳌山公寓,满五精装修+产权车位+产权清晰+随时可签,高楼层 (共11层) | 2012年建 | 2室2厅 | 92.76平米 | 南 北,273,"29,431",2012,92.76,10,31.63131681,121.43847,36630,3,,,,,,,,,,,
瀛通金鳌山公寓,降价20万，诚意出售，十分诚意！,低楼层 (共4层) | 2012年建 | 2室2厅 | 90.77平米 | 南,205,"22,585",2012,90.77,10,31.63131681,121.43847,36630,3,,,,,,,,,,,
玉环新村,崇明万达旁+1梯2户+85平3房+边套全明户型+随时看房,中楼层 (共5层) | 1997年建 | 3室1厅 | 85.1平米 | 南,150,"17,627",1997,85.1,25,31.83559998,121.3384021,36630,3,,,,,,,,,,,
玉环新村,老城区带院子+户型方正+业主诚心卖+现在可以看房啦,低楼层 (共6层) | 1997年建 | 2室1厅 | 70.16平米 | 南 北,120,"17,104",1997,70.16,25,31.83559998,121.3384021,36630,3,,,,,,,,,,,
玉环新村,户型方正，业主诚意出售，看房方便,高楼层 (共5层) | 1997年建 | 3室2厅 | 85.1平米 | 北 南,154.6,"18,167",1997,85.1,25,31.83559998,121.3384021,36630,3,,,,,,,,,,,
玉环新村,老城区近万达+双南户型+一梯两户+诚意出售,中楼层 (共5层) | 1997年建 | 2室1厅 | 66.32平米 | 南,130,"19,602",1997,66.32,25,31.83559998,121.3384021,36630,3,,,,,,,,,,,
玉麟名邸,万达广场旁+2016年+品质小区+南北通+满五年,低楼层 (共15层) | 2016年建 | 2室1厅 | 88.63平米 | 南,252,"28,433",2016,88.63,6,31.63957493,121.4109023,36630,3,,,,,,,,,,,
玉麟名邸,店长推荐！新上好房，商品房小区，一梯两户，清水毛坯,低楼层 (共14层) 2室2厅 | 88.75平米 | 南 北,240,"27,043",,88.75,,31.63957493,121.4109023,36630,3,,,,,,,,,,,
甘霖坊,双南房 采光好 位置好出行便利 养老楼层 方便看房,低楼层 (共6层) | 2005年建 | 2室2厅 | 86.12平米 | 南,158,"18,347",2005,86.12,17,31.64307137,121.4073272,36630,3,,,,,,,,,,,
甘霖坊,甘霖坊 2室2厅 南,低楼层 (共6层) | 2006年建 | 2室2厅 | 98.99平米 | 南,165,"16,669",2006,98.99,16,31.64307137,121.4073272,36630,3,,,,,,,,,,,
甘霖坊,老城区中间楼层，户型方正，业主诚意出售，看房方便,中楼层 (共6层) | 2007年建 | 2室2厅 | 97平米 | 南 北,165,"17,011",2007,97,15,31.64307137,121.4073272,36630,3,,,,,,,,,,,
甘霖坊,大阁楼精装自住好房 满五且一 户型方正 使用面积大,高楼层 (共6层) | 2005年建 | 3室2厅 | 120.64平米 | 南 北,200,"16,579",2005,120.64,17,31.64307137,121.4073272,36630,3,,,,,,,,,,,
甘霖坊,精装自住好房 户型方正 使用面积大,低楼层 (共6层) | 2007年建 | 3室2厅 | 108.43平米 | 南 北,208,"19,183",2007,108.43,15,31.64307137,121.4073272,36630,3,,,,,,,,,,,
甘霖坊,上海后花园崇明长生岛 甘霖坊南北三房带阁 楼诚心出售,高楼层 (共6层) | 2007年建 | 3室2厅 | 108.43平米 | 南,198,"18,261",2007,108.43,15,31.64307137,121.4073272,36630,3,,,,,,,,,,,
甘霖坊,总价低+户型方正+南北通透+采光好+小区环境优美,中楼层 (共6层) | 2007年建 | 2室2厅 | 101.89平米 | 南 北,182,"17,863",2007,101.89,15,31.64307137,121.4073272,36630,3,,,,,,,,,,,
甘霖坊,甘霖坊 2室2厅 南,低楼层 (共6层) | 2006年建 | 2室2厅 | 98.99平米 | 南,165,"16,669",2006,98.99,16,31.64307137,121.4073272,36630,3,,,,,,,,,,,
甘霖坊,南北户型+户型方正+面积大+业主诚意出售,高楼层 (共6层) | 2006年建 | 2室2厅 | 102.17平米 | 南 北,175,"17,129",2006,102.17,16,31.64307137,121.4073272,36630,3,,,,,,,,,,,
甘霖坊,低楼层，全明户型，老少皆宜，居家良址！,低楼层 (共6层) | 2005年建 | 2室2厅 | 98.84平米 | 南,180,"18,212",2005,98.84,17,31.64307137,121.4073272,36630,3,,,,,,,,,,,
甘霖坊,上海发展看崇明 生态岛南北飞机全明格局三房诚心出售,高楼层 (共6层) | 2007年建 | 3室2厅 | 128.36平米 | 南 北,198,"15,426",2007,128.36,15,31.64307137,121.4073272,36630,3,,,,,,,,,,,
甘霖坊,飞机户型！！城区配套完善 & 满五税费少 & 诚意出售,高楼层 (共6层) | 2005年建 | 3室2厅 | 128.01平米 | 南,240,"18,749",2005,128.01,17,31.64307137,121.4073272,36630,3,,,,,,,,,,,
甘霖坊,精装自住好房 户型方正 使用面积大,低楼层 (共6层) | 2007年建 | 3室2厅 | 108.43平米 | 南 北,208,"19,183",2007,108.43,15,31.64307137,121.4073272,36630,3,,,,,,,,,,,
管弄,生态崇明 管弄地处崇明中间心地段美丽价格诚心出售,中楼层 (共6层) | 1995年建 | 3室1厅 | 84.5平米 | 南 北,165,"19,527",1995,84.5,27,0,0,36630,,,,,,,,,,,,
管弄,管弄 3室1厅 南 北,高楼层 (共6层) | 1995年建 | 3室1厅 | 85.75平米 | 南 北,162,"18,893",1995,85.75,27,0,0,36630,,,,,,,,,,,,
绿地瀛洲名苑,绿地瀛洲名苑 2室2厅 南,低楼层 (共8层) 2室2厅 | 88.88平米 | 南,238,"26,778",,88.88,,31.6352233,121.432264,36630,3,,,,,,,,,,,
绿地瀛洲名邸,品质小区 环境优美 高楼层 采光通风好 易装修 总价低,高楼层 (共7层) | 2015年建 | 2室2厅 | 87.19平米 | 南,223,"25,577",2015,87.19,7,31.6352233,121.432264,36630,3,,,,,,,,,,,
绿地瀛洲名邸,满五且一，上江帆，精装修，电梯中层,低楼层 (共3层) 2室2厅 | 87.3平米 | 南,230,"26,346",,87.3,,31.6352233,121.432264,36630,3,,,,,,,,,,,
绿地瀛洲名邸,劲爆！！精品电梯洋房+满五+空关中+车位另算,中楼层 (共7层) 2室1厅 | 87.42平米 | 南,230,"26,310",,87.42,,31.6352233,121.432264,36630,3,,,,,,,,,,,
绿地瀛洲名邸,满五且一，上江帆，精装修，电梯中层,低楼层 (共3层) 2室2厅 | 87.3平米 | 南,230,"26,346",,87.3,,31.6352233,121.432264,36630,3,,,,,,,,,,,
绿地瀛洲名邸,沃德天！精装修，西边套，看房随时，业主诚意出售,中楼层 (共7层) 2室1厅 | 87.3平米 | 南 北,219,"25,086",,87.3,,31.6352233,121.432264,36630,3,,,,,,,,,,,
绿地瀛洲名邸,此房不看，终身遗憾，品质小区，精装电梯洋房，诚售,中楼层 (共7层) | 2015年建 | 2室1厅 | 86.19平米 | 南,225,"26,106",2015,86.19,7,31.6352233,121.432264,36630,3,,,,,,,,,,,
绿地瀛洲名邸,房龄新++户型好++位置安静++采光好,高楼层 (共5层) 2室2厅 | 87.32平米 | 南,230,"26,340",,87.32,,31.6352233,121.432264,36630,3,,,,,,,,,,,
绿地瀛洲名邸,绿地瀛洲+房龄新+户型好+满五年放心买+楼层高+采光足,低楼层 (共6层) 2室1厅 | 87.32平米 | 南,228,"26,111",,87.32,,31.6352233,121.432264,36630,3,,,,,,,,,,,
绿地瀛洲名邸,绿地瀛洲房源+复式复式+空关随时看+满五年诚意售,高楼层 (共6层) 4室2厅 | 180.47平米 | 南,373,"20,669",,180.47,,31.6352233,121.432264,36630,3,,,,,,,,,,,
绿地瀛洲名邸,绿地瀛洲房源+复式复式+空关随时看+满五年诚意售,高楼层 (共6层) 4室2厅 | 180.47平米 | 南,373,"20,669",,180.47,,31.6352233,121.432264,36630,3,,,,,,,,,,,
绿地瀛洲名邸,满五年+20年底婚房精装修+三房户型南北通+单价低,低楼层 (共7层) | 2015年建 | 3室2厅 | 109.36平米 | 南 北,280,"25,604",2015,109.36,7,31.6352233,121.432264,36630,3,,,,,,,,,,,
绿地瀛洲名邸,此房不看，终身遗憾，品质小区，精装电梯洋房，诚售,中楼层 (共7层) | 2015年建 | 2室1厅 | 86.19平米 | 南,225,"26,106",2015,86.19,7,31.6352233,121.432264,36630,3,,,,,,,,,,,
绿地瀛洲名邸,位置好+停车方便+小区环境优美+生活便利+户型方正,高楼层 (共6层) 4室2厅 | 140.97平米 | 南,364,"25,822",,140.97,,31.6352233,121.432264,36630,3,,,,,,,,,,,
绿地翠府名邸,品质小区+精装修+人车分流+有车位+业主诚意出售,低楼层 (共14层) 3室2厅 | 116平米 | 南,299,"25,776",,116,,31.63552159,121.431415,36630,3,,,,,,,,,,,
花园弄社区,崇明政府斜对角！楼层佳 & 户型方正 & 单价低总价低,中楼层 (共4层) | 1985年建 | 2室1厅 | 60.9平米 | 南,92,"15,107",1985,60.9,37,31.14171984,121.41106,36630,3,,,,,,,,,,,
裕洲路151弄,原始动迁没有增值税，视野开阔，诚意出售，附带阁楼,高楼层 (共6层) | 2015年建 | 3室2厅 | 125.35平米 | 南,182,"14,520",2015,125.35,7,31.53249779,121.8582112,36630,3,,,,,,,,,,,
裕洲路151弄,动迁8期，近地铁，带阁楼，双卧南，近校区，开阔价低,高楼层 (共6层) | 2015年建 | 2室2厅 | 84.31平米 | 南 北,130,"15,420",2015,84.31,7,31.53249779,121.8582112,36630,3,,,,,,,,,,,
裕鸿佳苑,高楼层，崇明线，税费低，户型方正，急售,高楼层 (共6层) | 2012年建 | 3室2厅 | 113.42平米 | 南 北,150,"13,226",2012,113.42,10,31.52623459,121.8430737,36630,3,,,,,,,,,,,
裕鸿佳苑,经典三房户型+业主诚意出售+看房方便,高楼层 (共6层) | 2012年建 | 3室2厅 | 113.7平米 | 南,157,"13,809",2012,113.7,10,31.52623459,121.8430737,36630,3,,,,,,,,,,,
裕鸿佳苑,原始动迁没有增值税，视野开阔，诚意出售，附带阁楼,高楼层 (共6层) | 2008年建 | 3室1厅 | 106.38平米 | 南,165,"15,511",2008,106.38,14,31.52623459,121.8430737,36630,3,,,,,,,,,,,
裕鸿佳苑,满五年好房推荐，南北通大两房，采光好，诚心出售,低楼层 (共6层) | 2009年建 | 2室2厅 | 92.3平米 | 南 北,126,"13,652",2009,92.3,13,31.52623459,121.8430737,36630,3,,,,,,,,,,,
裕鸿佳苑,户型方正，总价低，低楼层，适宜老人居住,低楼层 (共6层) | 2011年建 | 2室2厅 | 88.05平米 | 南 北,130,"14,765",2011,88.05,11,31.52623459,121.8430737,36630,3,,,,,,,,,,,
裕鸿佳苑,南北通透位置佳，楼层适中通风采光好，全装全配交通好,中楼层 (共6层) | 2008年建 | 2室2厅 | 90.4平米 | 南 北,130,"14,381",2008,90.4,14,31.52623459,121.8430737,36630,3,,,,,,,,,,,
裕鸿佳苑,税费少+崇明线+总价单价秒杀价+2015年房龄,低楼层 (共6层) | 2015年建 | 3室1厅 | 110平米 | 南,155,"14,091",2015,110,7,31.52623459,121.8430737,36630,3,,,,,,,,,,,
裕鸿佳苑,南北直通，全明户型，单价低，三室居然两卫！,高楼层 (共6层) | 2012年建 | 3室2厅 | 113.7平米 | 南 北,156,"13,721",2012,113.7,10,31.52623459,121.8430737,36630,3,,,,,,,,,,,
裕鸿佳苑,笋盘中间号楼层南北通透大户型总价低诚意出售,中楼层 (共5层) 3室2厅 | 119.76平米 | 南 北,180,"15,031",,119.76,,31.52623459,121.8430737,36630,3,,,,,,,,,,,
裕鸿佳苑,南北两房，小区优质位置，户型方正，楼层佳，看房方便,高楼层 (共6层) | 2008年建 | 2室2厅 | 90.23平米 | 南,139,"15,406",2008,90.23,14,31.52623459,121.8430737,36630,3,,,,,,,,,,,
裕鸿佳苑,笋盘中间号楼层南北通透大户型总价低诚意出售,中楼层 (共5层) 3室2厅 | 119.76平米 | 南 北,180,"15,031",,119.76,,31.52623459,121.8430737,36630,3,,,,,,,,,,,
裕鸿佳苑,崇明线，单价低，面积大。房子户型方正，通风性好,高楼层 (共6层) | 2008年建 | 3室2厅 | 106.38平米 | 南,147,"13,819",2008,106.38,14,31.52623459,121.8430737,36630,3,,,,,,,,,,,
裕鸿佳苑,户型方正，总价低，低楼层，适宜老人居住,低楼层 (共6层) | 2011年建 | 2室2厅 | 88.05平米 | 南 北,130,"14,765",2011,88.05,11,31.52623459,121.8430737,36630,3,,,,,,,,,,,
裕鸿佳苑,业主置换诚意出售+无增值税+购房成本少+3房,低楼层 (共6层) | 2015年建 | 3室2厅 | 136.92平米 | 南,189,"13,804",2015,136.92,7,31.52623459,121.8430737,36630,3,,,,,,,,,,,
裕鸿佳苑,税费少+崇明线+小区环境好+小区生活便利出门,高楼层 (共5层) | 2008年建 | 3室2厅 | 102.22平米 | 南,148,"14,479",2008,102.22,14,31.52623459,121.8430737,36630,3,,,,,,,,,,,
裕鸿佳苑,单价低，面积大，户型方正，南北通风性好，纯毛坯,中楼层 (共5层) | 2008年建 | 2室1厅 | 90.37平米 | 南,140,"15,492",2008,90.37,14,31.52623459,121.8430737,36630,3,,,,,,,,,,,
裕鸿佳苑,急售，15年小区，视野好，飞机户型,高楼层 (共6层) | 2015年建 | 3室2厅 | 136.92平米 | 南,178,"13,001",2015,136.92,7,31.52623459,121.8430737,36630,3,,,,,,,,,,,
裕鸿佳苑,此房满五+动迁个税+三开间朝南格局+视野开阔+交通便利,高楼层 (共6层) | 2009年建 | 3室2厅 | 103.81平米 | 南,143,"13,776",2009,103.81,13,31.52623459,121.8430737,36630,3,,,,,,,,,,,
裕鸿佳苑,大三房+户型方正+近崇明线+房东诚意出售,低楼层 (共6层) | 2008年建 | 3室2厅 | 119.54平米 | 南,172,"14,389",2008,119.54,14,31.52623459,121.8430737,36630,3,,,,,,,,,,,
裕鸿佳苑,税费少+崇明线+总价单价秒杀价+2015年房龄,低楼层 (共6层) | 2015年建 | 3室1厅 | 110平米 | 南,155,"14,091",2015,110,7,31.52623459,121.8430737,36630,3,,,,,,,,,,,
裕鸿佳苑,南北两房，小区优质位置，户型方正，楼层佳，看房方便,高楼层 (共6层) | 2008年建 | 2室2厅 | 90.23平米 | 南,139,"15,406",2008,90.23,14,31.52623459,121.8430737,36630,3,,,,,,,,,,,
裕鸿佳苑,新！10期！次顶！双南！出门就菜场和新街，位置好,高楼层 (共6层) 2室1厅 | 80.87平米 | 南,135,"16,694",,80.87,,31.52623459,121.8430737,36630,3,,,,,,,,,,,
裕鸿佳苑,房子满五税少 通风效果好 采光充足,高楼层 (共6层) | 2008年建 | 3室2厅 | 106.64平米 | 南 北,143,"13,410",2008,106.64,14,31.52623459,121.8430737,36630,3,,,,,,,,,,,
裕鸿佳苑,新！11期！低楼层！近地铁，近商圈，外观新，看房方便,低楼层 (共6层) 3室2厅 | 136.72平米 | 南,196,"14,336",,136.72,,31.52623459,121.8430737,36630,3,,,,,,,,,,,
裕鸿佳苑,裕鸿家园6期 南北通户型正 原始动迁 税费少 看房方便,低楼层 (共6层) | 2015年建 | 3室2厅 | 111.02平米 | 南 北,161,"14,502",2015,111.02,7,31.52623459,121.8430737,36630,3,,,,,,,,,,,
裕鸿佳苑,十八期，花园位置，楼层好，南北通大三房，诚意出售。,中楼层 (共6层) 3室2厅 | 125.24平米 | 南 北,187,"14,932",,125.24,,31.52623459,121.8430737,36630,3,,,,,,,,,,,
裕鸿佳苑,大户型的价格低业主诚售欢迎看房,高楼层 (共5层) | 2008年建 | 3室2厅 | 120.26平米 | 南 北,160,"13,305",2008,120.26,14,31.52623459,121.8430737,36630,3,,,,,,,,,,,
裕鸿佳苑,看房方便业主急售全明户型配套齐全,高楼层 (共6层) 2室1厅 | 82.18平米 | 南 北,127,"15,454",,82.18,,31.52623459,121.8430737,36630,3,,,,,,,,,,,
裕鸿佳苑,精装修，中间楼层，急！急！急！全明大三房,中楼层 (共6层) | 2012年建 | 3室2厅 | 134.06平米 | 南 北,189,"14,099",2012,134.06,10,31.52623459,121.8430737,36630,3,,,,,,,,,,,
裕鸿佳苑,南北直通，全明户型，单价低，三室居然两卫！,高楼层 (共6层) | 2012年建 | 3室2厅 | 113.7平米 | 南 北,156,"13,721",2012,113.7,10,31.52623459,121.8430737,36630,3,,,,,,,,,,,
裕鸿佳苑,诚意出售，房屋采光和通风比较好，位置好视野佳,高楼层 (共5层) | 2008年建 | 2室1厅 | 76.86平米 | 南 北,112,"14,572",2008,76.86,14,31.52623459,121.8430737,36630,3,,,,,,,,,,,
裕鸿佳苑,动迁税少，户型方正，近崇明线，业主诚意出售,低楼层 (共5层) | 2008年建 | 3室2厅 | 111.53平米 | 南 北,155,"13,898",2008,111.53,14,31.52623459,121.8430737,36630,3,,,,,,,,,,,
裕鸿佳苑,十一期房源+户型方正+南北通透+配套设施齐全交通便利,低楼层 (共11层) 3室2厅 | 107.77平米 | 南 北,160,"14,847",,107.77,,31.52623459,121.8430737,36630,3,,,,,,,,,,,
裕鸿佳苑,动迁税少，地铁在建，全明无遮挡，飞机户型,低楼层 (共1层) 3室1厅 | 108.63平米 | 南,160,"14,729",,108.63,,31.52623459,121.8430737,36630,3,,,,,,,,,,,
裕鸿佳苑,满五年好房推荐，南北通大两房，采光好，诚心出售,低楼层 (共6层) | 2009年建 | 2室2厅 | 92.3平米 | 南 北,126,"13,652",2009,92.3,13,31.52623459,121.8430737,36630,3,,,,,,,,,,,
裕鸿佳苑,12期 2016年房子 总价低 动迁无增税 南北通户型,高楼层 (共6层) 2室1厅 | 101.44平米 | 南,152,"14,985",,101.44,,31.52623459,121.8430737,36630,3,,,,,,,,,,,
裕鸿佳苑,户型方正，近崇明线，位置佳，业主诚意出售,高楼层 (共5层) | 2017年建 | 3室1厅 | 112.24平米 | 南,158,"14,077",2017,112.24,5,31.52623459,121.8430737,36630,3,,,,,,,,,,,
裕鸿佳苑,税费少+崇明线+小区环境好+小区生活便利出门,高楼层 (共5层) | 2008年建 | 3室2厅 | 102.22平米 | 南,148,"14,479",2008,102.22,14,31.52623459,121.8430737,36630,3,,,,,,,,,,,
裕鸿佳苑,此房动迁税少，崇明线在建，视野好，采光无遮挡，全明,高楼层 (共6层) | 2015年建 | 3室2厅 | 136.99平米 | 南,180,"13,140",2015,136.99,7,31.52623459,121.8430737,36630,3,,,,,,,,,,,
裕鸿佳苑,原始动迁没有增值税，视野开阔，诚意出售，非顶楼,高楼层 (共6层) | 2015年建 | 3室2厅 | 112.56平米 | 南,155,"13,771",2015,112.56,7,31.52623459,121.8430737,36630,3,,,,,,,,,,,
西门北村,业主诚意 看房方便 满五年 税费少,高楼层 (共6层) | 1983年建 | 2室1厅 | 55.08平米 | 南,102,"18,519",1983,55.08,39,31.63158583,121.3978217,36630,3,,,,,,,,,,,
西门北村,税费少，总价低，二居室，拎包入住。,高楼层 (共6层) | 1986年建 | 2室1厅 | 55.54平米 | 南,109.6,"19,734",1986,55.54,36,31.63158583,121.3978217,36630,3,,,,,,,,,,,
西门北村,房子精装修，拎包入住，楼层低不潮湿，业主自住随时看,低楼层 (共3层) | 1993年建 | 2室1厅 | 60.26平米 | 南 北,116,"19,250",1993,60.26,29,31.63158583,121.3978217,36630,3,,,,,,,,,,,
西门北村,西门北村 2室1厅 南,中楼层 (共6层) | 1982年建 | 2室1厅 | 49.82平米 | 南,96,"19,270",1982,49.82,40,31.63158583,121.3978217,36630,3,,,,,,,,,,,
西门北村,繁华南门 上海新选择 选择新上海西门北村南北两房,高楼层 (共6层) | 1988年建 | 2室1厅 | 55.13平米 | 北 南,98,"17,777",1988,55.13,34,31.63158583,121.3978217,36630,3,,,,,,,,,,,
西门北村,店长推荐新上好房+满五+产权清晰+诚心出售。,高楼层 (共5层) | 1988年建 | 2室1厅 | 52.36平米 | 南,96,"18,335",1988,52.36,34,31.63158583,121.3978217,36630,3,,,,,,,,,,,
西门北村,业主诚意 看房方便 满五年 税费少,高楼层 (共6层) | 1983年建 | 2室1厅 | 55.08平米 | 南,102,"18,519",1983,55.08,39,31.63158583,121.3978217,36630,3,,,,,,,,,,,
西门北村,税费少，总价低，二居室，拎包入住。,高楼层 (共6层) | 1986年建 | 2室1厅 | 55.54平米 | 南,109.6,"19,734",1986,55.54,36,31.63158583,121.3978217,36630,3,,,,,,,,,,,
西门北村,满五税费低，房型方正，诚心出售,高楼层 (共5层) 2室1厅 | 52.36平米 | 南 北,106,"20,245",,52.36,,31.63158583,121.3978217,36630,3,,,,,,,,,,,
西门北村,边套客厅大窗户+大花园，适合有老人的家庭，不用爬楼,低楼层 (共3层) | 1988年建 | 3室1厅 | 80.86平米 | 南 北,135,"16,696",1988,80.86,34,31.63158583,121.3978217,36630,3,,,,,,,,,,,
西门北村,总价低+税费少+诚意卖+随时看,高楼层 (共5层) 1室1厅 | 38.71平米 | 南,72,"18,600",,38.71,,31.63158583,121.3978217,36630,3,,,,,,,,,,,
西门北村,西门北村+双南双天井+总高3层+满五年税费少,低楼层 (共3层) | 1993年建 | 2室1厅 | 58.3平米 | 南,114,"19,555",1993,58.3,29,31.63158583,121.3978217,36630,3,,,,,,,,,,,
西门北村,西门北村，两房一厅，精装修，地段好，看房随时联系,低楼层 (共5层) | 1989年建 | 2室1厅 | 54.18平米 | 南,110,"20,303",1989,54.18,33,31.63158583,121.3978217,36630,3,,,,,,,,,,,
西门北村,低总价88万+低首付+满5年+置换诚意卖房+看房方便,高楼层 (共6层) | 1988年建 | 2室1厅 | 45.76平米 | 南,85,"18,576",1988,45.76,34,31.63158583,121.3978217,36630,3,,,,,,,,,,,
西门北村,店长推荐新上好房+满五+产权清晰+诚心出售。,高楼层 (共5层) | 1988年建 | 2室1厅 | 52.36平米 | 南,96,"18,335",1988,52.36,34,31.63158583,121.3978217,36630,3,,,,,,,,,,,
西门北村,总价低、满5、双南户型、看房方便,高楼层 (共5层) 2室1厅 | 49.82平米 | 南,92,"18,467",,49.82,,31.63158583,121.3978217,36630,3,,,,,,,,,,,
西门北村,西门北村 2室1厅 南,低楼层 (共5层) | 1983年建 | 2室1厅 | 63.59平米 | 南,116,"18,242",1983,63.59,39,31.63158583,121.3978217,36630,3,,,,,,,,,,,
西门北村,产证满5年+93万精致两房+边套全明+看房随时,高楼层 (共6层) | 1986年建 | 2室1厅 | 55.13平米 | 南,93,"16,870",1986,55.13,36,31.63158583,121.3978217,36630,3,,,,,,,,,,,
西门北村,业主置换，诚意出售，看房方便，欢迎咨询,中楼层 (共5层) 2室1厅 | 57.03平米 | 南,119,"20,867",,57.03,,31.63158583,121.3978217,36630,3,,,,,,,,,,,
西门南村,西门南村 2室1厅 南 北,高楼层 (共6层) | 1985年建 | 2室1厅 | 58平米 | 南 北,111,"19,138",1985,58,37,31.62762776,121.3969587,36630,3,,,,,,,,,,,
西门南村,低楼层，诚意出售，中间位置，带小花园,低楼层 (共6层) | 1987年建 | 2室1厅 | 53.55平米 | 南,102,"19,048",1987,53.55,35,31.62762776,121.3969587,36630,3,,,,,,,,,,,
西门南村,满5年税费少，业主诚意卖，得房率高,高楼层 (共5层) | 1983年建 | 2室1厅 | 49.44平米 | 南,96,"19,418",1983,49.44,39,31.62762776,121.3969587,36630,3,,,,,,,,,,,
西门南村,Word天，崇明主城区+八一路+南门港+2房+满五年唯1,高楼层 (共6层) | 1986年建 | 2室1厅 | 56.68平米 | 南 北,97,"17,114",1986,56.68,36,31.62762776,121.3969587,36630,3,,,,,,,,,,,
西门南村,我的天，双卧室朝南的毛坯房+产权清晰+诚心出售,高楼层 (共6层) | 1985年建 | 2室1厅 | 51.12平米 | 南,89,"17,411",1985,51.12,37,31.62762776,121.3969587,36630,3,,,,,,,,,,,
西门南村,西门南村 2室1厅 南,中楼层 (共5层) | 1986年建 | 2室1厅 | 60.45平米 | 南,120,"19,852",1986,60.45,36,31.62762776,121.3969587,36630,3,,,,,,,,,,,
西门南村,世界生态岛，买菜方便，南门主城区，中间楼层，环境好,低楼层 (共3层) | 1990年建 | 1室1厅 | 45.71平米 | 南,88,"19,252",1990,45.71,32,31.62762776,121.3969587,36630,3,,,,,,,,,,,
西门南村,两套房子打通一起卖，适合人多的大家庭。也可分开出售,中楼层 (共5层) | 1984年建 | 2室1厅 | 49.44平米 | 南 北,94,"19,013",1984,49.44,38,31.62762776,121.3969587,36630,3,,,,,,,,,,,
西门南村,观江景房，邻南门汽车站，交通便利，满五诚意出售！,中楼层 (共5层) | 1984年建 | 1室1厅 | 39.78平米 | 南 北,76,"19,106",1984,39.78,38,31.62762776,121.3969587,36630,3,,,,,,,,,,,
西门南村,满五+阳台采光好+通风好+老城区+配套齐全+生活便利,高楼层 (共5层) | 1991年建 | 2室1厅 | 53.65平米 | 南,98.9,"18,435",1991,53.65,31,31.62762776,121.3969587,36630,3,,,,,,,,,,,
西门南村,我的天，双卧室朝南的毛坯房+产权清晰+诚心出售,高楼层 (共6层) | 1985年建 | 2室1厅 | 51.12平米 | 南,89,"17,411",1985,51.12,37,31.62762776,121.3969587,36630,3,,,,,,,,,,,
西门南村,崇明城区，配套完善，业主诚意出售价格可以谈看房方便,高楼层 (共5层) | 1987年建 | 2室1厅 | 67.72平米 | 南,115,"16,982",1987,67.72,35,31.62762776,121.3969587,36630,3,,,,,,,,,,,
西门南村,崇明生态岛两居室 总价低业主诚心出售,高楼层 (共6层) | 1986年建 | 2室1厅 | 55.54平米 | 南 北,103,"18,546",1986,55.54,36,31.62762776,121.3969587,36630,3,,,,,,,,,,,
西门南村,崇明生态岛大两居，单价低业主诚心出售,高楼层 (共5层) | 1987年建 | 2室1厅 | 54.07平米 | 南,91,"16,831",1987,54.07,35,31.62762776,121.3969587,36630,3,,,,,,,,,,,
西门南村,西门南村 2室1厅 南,中楼层 (共5层) | 1986年建 | 2室1厅 | 60.45平米 | 南,120,"19,852",1986,60.45,36,31.62762776,121.3969587,36630,3,,,,,,,,,,,
西门南村,满五+阳台采光好+通风好+老城区+配套齐全+生活便利,高楼层 (共5层) | 1991年建 | 2室1厅 | 53.65平米 | 南,98.9,"18,435",1991,53.65,31,31.62762776,121.3969587,36630,3,,,,,,,,,,,
西门南村,上海买房新选择 崇明生态岛养老两房急售,中楼层 (共6层) | 1986年建 | 2室1厅 | 55.54平米 | 南 北,105,"18,906",1986,55.54,36,31.62762776,121.3969587,36630,3,,,,,,,,,,,
西门南村,总价低+诚意卖+老城区配套齐全,低楼层 (共5层) | 1992年建 | 2室1厅 | 46.28平米 | 南,89,"19,231",1992,46.28,30,31.62762776,121.3969587,36630,3,,,,,,,,,,,
西门南村,满五无个税、无增值税，厨房自用的，中间楼层，不靠路,中楼层 (共6层) | 1987年建 | 2室1厅 | 55.54平米 | 南 北,107,"19,266",1987,55.54,35,31.62762776,121.3969587,36630,3,,,,,,,,,,,
西门南村,崇明城区，配套完善，业主诚意出售价格可以谈看房方便,高楼层 (共5层) | 1987年建 | 2室1厅 | 67.72平米 | 南,115,"16,982",1987,67.72,35,31.62762776,121.3969587,36630,3,,,,,,,,,,,
西门南村,西门南村 2室1厅 南 北,高楼层 (共6层) | 1985年建 | 2室1厅 | 58平米 | 南 北,111,"19,138",1985,58,37,31.62762776,121.3969587,36630,3,,,,,,,,,,,
西门路248号,西门路248号 2室1厅 南,中楼层 (共6层) 2室1厅 | 55.13平米 | 南,100,"18,139",,55.13,,31.62952557,121.3997902,36630,3,,,,,,,,,,,
观潮新村,崇明老城区+南门码头公交站+八一路商圈+南北通户型,中楼层 (共5层) 3室2厅 | 98.74平米 | 南,168,"17,015",,98.74,,31.83559998,121.3384021,36630,3,,,,,,,,,,,
观潮新村,高得房率+中间楼层+南门码头公交站+八一路商圈,中楼层 (共5层) | 1994年建 | 3室1厅 | 78.23平米 | 南,134,"17,129",1994,78.23,28,31.83559998,121.3384021,36630,3,,,,,,,,,,,
观潮新村,高得房率+近南门码头八一路+配套成熟+安静,中楼层 (共5层) | 1994年建 | 3室1厅 | 78.23平米 | 南 北,134,"17,129",1994,78.23,28,31.83559998,121.3384021,36630,3,,,,,,,,,,,
观潮新村,老城区中间楼层，户型方正，业主诚意出售，看房方便,高楼层 (共6层) | 1995年建 | 3室1厅 | 78.18平米 | 南 北,137.5,"17,588",1995,78.18,27,31.83559998,121.3384021,36630,3,,,,,,,,,,,
达安御廷,为两套房子打通一起出售的+业主精装70万装修+满五年,低楼层 (共8层) | 2011年建 | 2室2厅 | 71.44平米 | 南,175,"24,497",2011,71.44,11,31.63467429,121.4173572,36630,3,,,,,,,,,,,
达安御廷,达安御廷 2室1厅 南,中楼层 (共8层) | 2011年建 | 2室1厅 | 76.27平米 | 南,227,"29,763",2011,76.27,11,31.63467429,121.4173572,36630,3,,,,,,,,,,,
达安御廷,达安御廷 2室2厅 南,低楼层 (共8层) | 2011年建 | 2室2厅 | 90.24平米 | 南,245,"27,150",2011,90.24,11,31.63467429,121.4173572,36630,3,,,,,,,,,,,
达安御廷,房子满五年，有个地下产权车位，房子豪气自住装修,中楼层 (共8层) | 2011年建 | 2室1厅 | 71.91平米 | 南,213,"29,621",2011,71.91,11,31.63467429,121.4173572,36630,3,,,,,,,,,,,
达安御廷,【好房推荐】图片为两套房子打通一起出售的+业主精装,低楼层 (共8层) | 2011年建 | 2室2厅 | 75.95平米 | 南 北,205,"26,992",2011,75.95,11,31.63467429,121.4173572,36630,3,,,,,,,,,,,
酱园弄,店长推荐，一梯一户，中间楼层，看房方便，,低楼层 (共3层) 3室2厅 | 96.16平米 | 南,191,"19,863",,96.16,,31.62996055,121.4073161,36630,3,,,,,,,,,,,
金日东苑,业主置换，诚意出售，一手动迁，看房方便，价格可谈,高楼层 (共6层) | 2015年建 | 2室1厅 | 95.59平米 | 南 西,168,"17,576",2015,95.59,7,31.63642092,121.4474752,36630,3,,,,,,,,,,,
金日东苑,2016年动迁房，房龄新，税费少，环境好，飞机户型,低楼层 (共6层) 3室2厅 | 125.97平米 | 南 北,227,"18,021",,125.97,,31.63642092,121.4474752,36630,3,,,,,,,,,,,
金日东苑,长寿之乡崇明岛+花博会+房龄新+中间楼层,中楼层 (共6层) | 2016年建 | 2室2厅 | 85.04平米 | 南,153,"17,992",2016,85.04,6,31.63642092,121.4474752,36630,3,,,,,,,,,,,
金日东苑,一手动迁房，一楼近花园，业主诚意出售,低楼层 (共6层) | 2016年建 | 2室2厅 | 95平米 | 南,171,"18,000",2016,95,6,31.63642092,121.4474752,36630,3,,,,,,,,,,,
金日东苑,18年动迁房+生态宜居+清水三房+生,高楼层 (共6层) | 2016年建 | 3室2厅 | 125.97平米 | 南,207,"16,433",2016,125.97,6,31.63642092,121.4474752,36630,3,,,,,,,,,,,
金日东苑,2016年动迁房，房龄新，税费少，环境好，中间楼层,中楼层 (共6层) | 2016年建 | 3室2厅 | 114.48平米 | 南 北,205,"17,908",2016,114.48,6,31.63642092,121.4474752,36630,3,,,,,,,,,,,
金日西苑,16年的房子，房龄新楼层好，业主诚意出售,中楼层 (共6层) 3室2厅 | 125.97平米 | 南,238,"18,894",,125.97,,31.63917589,121.4438217,36630,3,,,,,,,,,,,
金日西苑,诚心出售较新小区清水毛坯，中间楼层 南北通户型正,中楼层 (共6层) | 2016年建 | 2室2厅 | 97平米 | 南,170,"17,526",2016,97,6,31.63917589,121.4438217,36630,3,,,,,,,,,,,
金日西苑,次新小区，此房没有增值税，税费较少，户型通透,中楼层 (共6层) | 2015年建 | 2室1厅 | 95.59平米 | 南,168,"17,576",2015,95.59,7,31.63917589,121.4438217,36630,3,,,,,,,,,,,
金日西苑,2016年9月的动迁房+税费低+采光通风好+诚意卖,高楼层 (共6层) 2室2厅 | 98.71平米 | 南,174,"17,628",,98.71,,31.63917589,121.4438217,36630,3,,,,,,,,,,,
金日西苑,一手动迁税费少，业主置换诚意卖，单价低，大三房,低楼层 (共6层) | 2015年建 | 3室2厅 | 125.89平米 | 南 北,215,"17,079",2015,125.89,7,31.63917589,121.4438217,36630,3,,,,,,,,,,,
金日西苑,户型正气+位置安静+业主诚意出售+采光通风好,低楼层 (共6层) | 2015年建 | 2室2厅 | 94.88平米 | 南,160,"16,864",2015,94.88,7,31.63917589,121.4438217,36630,3,,,,,,,,,,,
金日西苑,16年的房子，房龄新楼层好，业主诚意出售,中楼层 (共6层) 3室2厅 | 125.97平米 | 南,238,"18,894",,125.97,,31.63917589,121.4438217,36630,3,,,,,,,,,,,
金日西苑,原始2房，小区中间位置，非底楼，诚意卖,低楼层 (共6层) | 2016年建 | 2室2厅 | 85.23平米 | 南 北,149,"17,483",2016,85.23,6,31.63917589,121.4438217,36630,3,,,,,,,,,,,
金日西苑,次新小区，此房没有增值税，税费较少，户型通透,中楼层 (共6层) | 2015年建 | 2室2厅 | 98.51平米 | 南,168,"17,055",2015,98.51,7,31.63917589,121.4438217,36630,3,,,,,,,,,,,
金日西苑,次新小区，此房没有增值税，税费较少，户型通透,中楼层 (共6层) | 2015年建 | 2室1厅 | 95.59平米 | 南,168,"17,576",2015,95.59,7,31.63917589,121.4438217,36630,3,,,,,,,,,,,
金日西苑,次新小区，此房没有增值税，税费较少，户型通透,高楼层 (共6层) | 2015年建 | 2室2厅 | 83.06平米 | 南,143.5,"17,277",2015,83.06,7,31.63917589,121.4438217,36630,3,,,,,,,,,,,
金月湾小区,低楼层全明户型+房型整齐干净+看房方便,低楼层 (共9层) | 2006年建 | 2室2厅 | 107.9平米 | 南 北,270,"25,024",2006,107.9,16,31.63749456,121.3998443,36630,3,,,,,,,,,,,
金月湾小区,户型方正+楼层位置好+固定车位+小区环境优美,中楼层 (共9层) | 2006年建 | 3室2厅 | 126.83平米 | 南,339,"26,729",2006,126.83,16,31.63749456,121.3998443,36630,3,,,,,,,,,,,
金月湾小区,品质小区+精装修+人车分流+业主诚意出售+花园,低楼层 (共9层) | 2006年建 | 2室2厅 | 104.97平米 | 南 北,262,"24,960",2006,104.97,16,31.63749456,121.3998443,36630,3,,,,,,,,,,,
金月湾小区,品质小区+精装修+人车分流+业主诚意出售+花园,低楼层 (共9层) | 2006年建 | 2室2厅 | 104.97平米 | 南 北,262,"24,960",2006,104.97,16,31.63749456,121.3998443,36630,3,,,,,,,,,,,
金珠花苑,满五且一，税费少，飞机户型，独特两卫,低楼层 (共6层) | 2007年建 | 3室2厅 | 113.03平米 | 南 北,190,"16,810",2007,113.03,15,31.65025358,121.4180199,36630,3,,,,,,,,,,,
金珠花苑,满五且一，税费少，飞机户型，独特两卫,低楼层 (共6层) | 2007年建 | 3室2厅 | 113.03平米 | 南 北,190,"16,810",2007,113.03,15,31.65025358,121.4180199,36630,3,,,,,,,,,,,
金珠花苑,还有谁？金珠花苑两房，低楼层，满五魏一,低楼层 (共6层) | 2007年建 | 2室2厅 | 87.68平米 | 南,148,"16,880",2007,87.68,15,31.65025358,121.4180199,36630,3,,,,,,,,,,,
金珠花苑,金珠花苑 1室1厅 南,低楼层 (共6层) | 2007年建 | 1室1厅 | 60.45平米 | 南,108,"17,867",2007,60.45,15,31.65025358,121.4180199,36630,3,,,,,,,,,,,
金珠花苑,顶楼带阁楼，生态岛城区，配套完善，满五年,高楼层 (共6层) | 2007年建 | 2室2厅 | 93.25平米 | 南,135,"14,478",2007,93.25,15,31.65025358,121.4180199,36630,3,,,,,,,,,,,
金珠花苑,顶楼带阁楼中装满五年，直接拎包入住中楼层，南北通,高楼层 (共6层) | 2007年建 | 2室2厅 | 87.54平米 | 南 北,150,"17,136",2007,87.54,15,31.65025358,121.4180199,36630,3,,,,,,,,,,,
陈仓门弄1-14号,真的便宜！好房子！通过核验的价格！价格诚意！便宜！,高楼层 (共6层) 1室1厅 | 37平米 | 南,70,"18,919",,37,,31.6273894,121.4021074,36630,3,,,,,,,,,,,
青柏路801弄,金日西苑5星推荐，动迁次新房，单价低，税费少,高楼层 (共6层) | 2016年建 | 3室2厅 | 114.51平米 | 南 北,194,"16,942",2016,114.51,6,31.63917589,121.4438217,36630,3,,,,,,,,,,,
青柏路801弄,非底楼+位置安静+采光好视野好+停车不收费+店长推荐房,中楼层 (共5层) 2室2厅 | 85.07平米 | 南 北,153,"17,986",,85.07,,31.63917589,121.4438217,36630,3,,,,,,,,,,,
青柏路801弄,次新小区，此房没有增值税，税费较少，户型通透,低楼层 (共6层) | 2016年建 | 2室1厅 | 85.04平米 | 南,148,"17,404",2016,85.04,6,31.63917589,121.4438217,36630,3,,,,,,,,,,,
青柏路801弄,次新小区，此房没有增值税，税费较少，户型通透,低楼层 (共6层) | 2016年建 | 2室1厅 | 85.04平米 | 南,148,"17,404",2016,85.04,6,31.63917589,121.4438217,36630,3,,,,,,,,,,,
青柏路801弄,次新房+一手动迁+税费少+中间楼层+南北通,中楼层 (共6层) | 2016年建 | 2室2厅 | 95.77平米 | 南 北,172,"17,960",2016,95.77,6,31.63917589,121.4438217,36630,3,,,,,,,,,,,
青柏路801弄,健身楼层，动迁税费少，诚意卖，看房方便,高楼层 (共6层) 2室2厅 | 85.23平米 | 南 北,153,"17,952",,85.23,,31.63917589,121.4438217,36630,3,,,,,,,,,,,
